-- phpMyAdmin SQL Dump
-- version 4.2.11
-- http://www.phpmyadmin.net
--
-- Host: 127.0.0.1
-- Generation Time: May 05, 2019 at 01:24 PM
-- Server version: 5.6.21
-- PHP Version: 5.6.3

SET SQL_MODE = "NO_AUTO_VALUE_ON_ZERO";
SET time_zone = "+00:00";


/*!40101 SET @OLD_CHARACTER_SET_CLIENT=@@CHARACTER_SET_CLIENT */;
/*!40101 SET @OLD_CHARACTER_SET_RESULTS=@@CHARACTER_SET_RESULTS */;
/*!40101 SET @OLD_COLLATION_CONNECTION=@@COLLATION_CONNECTION */;
/*!40101 SET NAMES utf8 */;

--
-- Database: `brdbv2`
--

-- --------------------------------------------------------

--
-- Table structure for table `banktype_result`
--

CREATE TABLE IF NOT EXISTS `banktype_result` (
  `banktypeid` char(2) COLLATE utf8_unicode_ci NOT NULL DEFAULT '',
  `banktypename` varchar(20) COLLATE utf8_unicode_ci DEFAULT NULL
) ENGINE=InnoDB DEFAULT CHARSET=utf8 COLLATE=utf8_unicode_ci;

--
-- Dumping data for table `banktype_result`
--

INSERT INTO `banktype_result` (`banktypeid`, `banktypename`) VALUES
('1', 'สะสมทรัพย์'),
('2', 'ฝากประจำ 3 เดือน'),
('3', 'ฝากประจำ 6 เดือน'),
('4', 'ฝากประจำ 12 เดือน');

-- --------------------------------------------------------

--
-- Table structure for table `bookbankbalance2`
--

CREATE TABLE IF NOT EXISTS `bookbankbalance2` (
  `bankid` text CHARACTER SET utf8 COLLATE utf8_unicode_ci NOT NULL,
  `bookbalance` float(10,2) NOT NULL,
  `lastupdate` datetime NOT NULL
) ENGINE=InnoDB DEFAULT CHARSET=latin1;

--
-- Dumping data for table `bookbankbalance2`
--

INSERT INTO `bookbankbalance2` (`bankid`, `bookbalance`, `lastupdate`) VALUES
('01500013', 38497.00, '2017-08-06 15:52:49'),
('01500014', 896.30, '2017-08-06 15:52:24'),
('01500015', 15530.00, '2019-05-05 17:18:57'),
('01500022', 4466.00, '2017-02-05 00:00:00'),
('01500024', -1000.00, '2019-05-05 17:17:16'),
('01500028', -20000.00, '2019-01-13 20:28:40'),
('01500034', 429.00, '2018-02-11 18:22:31'),
('01510043', 435068.56, '2019-05-05 17:22:12'),
('01510048', 0.00, '2018-02-04 17:12:01'),
('01530060', -138.02, '2017-07-09 18:09:58'),
('01530063', 51492.37, '2019-04-07 16:34:11'),
('01530065', 370.00, '2017-01-12 00:00:00'),
('01540076', 10441.84, '2019-05-05 17:12:10'),
('01560098', -2212.40, '2017-05-07 17:56:14'),
('01570104', 7900.00, '2019-05-05 17:11:55'),
('01570105', 8300.00, '2019-05-05 17:11:26'),
('01570110', 4468.84, '2018-12-02 15:36:26'),
('01570111', 23300.00, '2017-05-07 17:25:31'),
('01580116', 26500.00, '2019-05-05 17:22:54'),
('01580117', 0.00, '2017-04-02 00:00:00'),
('01580119', 4900.00, '2019-05-05 17:25:25'),
('01580120', 6838.72, '2019-05-05 17:24:30'),
('01580122', 5776.77, '2019-04-14 20:01:23'),
('01580124', -300.00, '2018-06-03 17:36:38'),
('01580128', 6200.00, '2019-05-05 17:11:00'),
('01580129', 3440.00, '2019-04-14 19:09:54'),
('01580130', 12600.00, '2019-05-05 17:22:32'),
('01580132', 8500.00, '2018-12-02 15:16:45'),
('01580135', 2325.00, '2018-01-07 13:49:44'),
('01580138', 4717.01, '2019-05-05 17:10:39'),
('01580140', 2800.00, '2017-04-02 00:00:00'),
('01590122', 31500.10, '2017-02-05 00:00:00'),
('01590141', 2098.00, '2019-05-05 17:19:58'),
('01590142', 1800.00, '2017-03-05 00:00:00'),
('01590144', 2153.00, '2018-02-04 16:36:19'),
('01590146', 12500.00, '2017-07-02 14:37:04'),
('01590148', 1100.00, '2018-01-07 16:57:47'),
('01600150', -2500.00, '2018-08-05 16:38:51'),
('01600151', 5221.00, '2019-05-05 17:21:21'),
('01600152', 100000.00, '2017-06-04 15:07:14'),
('02500016', 11727.20, '2019-05-05 17:34:53'),
('02530045', -1000.00, '2019-03-10 18:15:48'),
('02530051', -896.11, '2018-06-03 17:43:45'),
('02540053', 10704.79, '2018-07-08 19:49:08'),
('02550058', -0.05, '2017-02-05 00:00:00'),
('02550067', -2000.00, '2018-05-06 19:12:50'),
('02590074', 0.00, '2019-02-03 16:50:51'),
('02590075', 0.00, '2018-06-03 17:42:35'),
('03540012', -68660.00, '2019-03-10 18:26:21'),
('03600022', 0.00, '2017-09-10 19:44:17'),
('03606022', 3000.00, '2017-03-05 00:00:00'),
('04510018', 163698.36, '2019-04-14 18:36:33'),
('04520021', -4000.00, '2018-10-07 15:14:12'),
('04530024', 37500.00, '2018-02-04 16:43:08'),
('04530026', -12000.00, '2019-05-05 17:47:34'),
('04530029', 315665.00, '2019-01-06 18:34:47'),
('04540032', 33383.80, '2017-04-02 00:00:00'),
('04540037', 356.33, '2018-06-03 17:51:15'),
('04540040', 48100.00, '2019-05-05 17:15:10'),
('04540045', 357.80, '2017-07-02 15:03:21'),
('04550047', -1000.00, '2019-05-05 17:42:50'),
('04550048', 16100.00, '2017-02-05 00:00:00'),
('04560057', -10000.00, '2019-03-03 16:45:09'),
('04560059', 40590.82, '2019-05-05 17:41:01'),
('04560060', 45903.80, '2019-05-05 17:41:24'),
('04560061', 20259.80, '2019-05-05 17:40:16'),
('04570070', 207458.50, '2019-04-07 16:25:48'),
('04570072', 0.00, '2017-03-05 00:00:00'),
('04570073', 0.00, '2017-03-05 00:00:00'),
('04570076', 0.00, '2017-03-05 00:00:00'),
('04580084', 10120.00, '2019-03-03 17:09:16'),
('04580088', -100000.00, '2018-06-03 17:52:37'),
('04580090', -36000.00, '2019-05-05 17:39:27'),
('04580092', 7161.60, '2018-10-14 18:27:29'),
('04590094', 54000.00, '2018-06-03 17:44:41'),
('04590095', 121000.00, '2018-06-03 17:48:51'),
('04600096', 50000.00, '2017-01-01 00:00:00'),
('04600097', 100000.00, '2017-03-05 00:00:00'),
('04600098', -20000.00, '2019-03-03 15:25:43'),
('04580091', 130000.00, '2018-10-07 16:25:22'),
('04590093', 10928.00, '2018-11-04 16:24:26'),
('01500001', 107.54, '2018-07-08 21:05:10'),
('01550093', 500.00, '2018-07-01 16:41:09'),
('01580131', 300.00, '2017-11-05 14:32:44'),
('04550049', 89868.10, '2018-11-11 18:25:26'),
('02580071', 12000.00, '2017-07-09 17:34:02'),
('01580136', 797.56, '2017-07-09 17:43:26'),
('04500012', 192923.00, '2018-06-03 17:45:33'),
('02580072', 21857.76, '2018-09-02 17:09:35'),
('04600099', -10000.00, '2019-04-07 15:59:27'),
('04580082', 99726.49, '2019-04-07 15:59:05'),
('04560065', 2951.37, '2018-07-08 17:27:31'),
('04560063', 11031.90, '2017-07-09 18:50:59'),
('04560064', 3082.32, '2018-07-08 17:19:28'),
('04560066', 2846.64, '2018-07-08 17:27:54'),
('04560067', 2951.37, '2018-07-08 17:17:59'),
('01500002', -10000.00, '2018-06-03 17:38:52'),
('01580137', 1600.00, '2019-04-14 18:30:23'),
('04550053', 0.00, '2017-11-05 16:22:42'),
('04530028', 29152.00, '2017-08-13 16:14:55'),
('04500011', -10000.00, '2019-03-03 16:11:58'),
('04550051', 51838.60, '2017-08-13 17:59:06'),
('04580089', 18800.00, '2018-08-12 18:51:10'),
('03520008', 27000.00, '2019-04-07 15:55:28'),
('04540041', 155200.00, '2018-11-04 16:07:26'),
('04570074', -2000.00, '2019-04-14 18:36:55'),
('01500017', 2314.76, '2019-05-05 17:19:14'),
('01550094', 0.00, '2019-01-13 20:30:56'),
('03550019', -15000.00, '2018-09-09 20:12:45'),
('01510044', -16480.00, '2019-03-03 16:09:29'),
('02500029', 30489.14, '2017-10-08 19:48:49'),
('01510046', -10000.00, '2018-06-03 17:37:20'),
('02500013', 0.00, '2017-11-05 15:53:01'),
('04610104', 8000.00, '2019-04-14 20:03:18');

-- --------------------------------------------------------

--
-- Table structure for table `evcode`
--

CREATE TABLE IF NOT EXISTS `evcode` (
  `codeid` varchar(2) COLLATE utf8_unicode_ci DEFAULT NULL,
  `codename` varchar(20) COLLATE utf8_unicode_ci DEFAULT NULL
) ENGINE=InnoDB DEFAULT CHARSET=utf8 COLLATE=utf8_unicode_ci;

--
-- Dumping data for table `evcode`
--

INSERT INTO `evcode` (`codeid`, `codename`) VALUES
('de', 'ฝาก'),
('wi', 'ถอน'),
('ac', 'ปิดบัญชี'),
('in', 'ดอกเบี้ย'),
('op', 'เปิดบัญชี'),
('we', 'สวัสดิการ'),
('pa', 'จ่ายเงินกู้'),
('er', 'error'),
('bl', 'ยกมา');

-- --------------------------------------------------------

--
-- Table structure for table `eventbank`
--

CREATE TABLE IF NOT EXISTS `eventbank` (
  `num` int(6) NOT NULL DEFAULT '0',
  `bankid` char(10) COLLATE utf8_unicode_ci DEFAULT NULL,
  `workno` char(4) COLLATE utf8_unicode_ci DEFAULT NULL,
  `income` float(10,2) DEFAULT NULL,
  `code` varchar(2) COLLATE utf8_unicode_ci DEFAULT NULL,
  `createdate` datetime DEFAULT NULL,
  `deptime` char(8) COLLATE utf8_unicode_ci NOT NULL,
  `time` char(20) COLLATE utf8_unicode_ci NOT NULL
) ENGINE=InnoDB DEFAULT CHARSET=utf8 COLLATE=utf8_unicode_ci;

--
-- Dumping data for table `eventbank`
--

INSERT INTO `eventbank` (`num`, `bankid`, `workno`, `income`, `code`, `createdate`, `deptime`, `time`) VALUES
(1, '02590075', 'b', 24500.00, 'bl', '2017-01-01 00:00:00', '01/01/60', '0'),
(2, '01500022', 'b', 22466.00, 'bl', '2017-01-01 00:00:00', '01/01/60', '0'),
(3, '04550047', 'b', 24042.70, 'bl', '2017-01-01 00:00:00', '01/01/60', '0'),
(4, '-03600022', 'b', 0.00, 'bl', '2017-01-01 00:00:00', '01/01/60', '0'),
(5, '-3540012', 'b', 37416.00, 'bl', '2017-01-01 00:00:00', '01/01/60', '0'),
(6, '-4540040', 'b', 67000.00, 'bl', '2017-01-01 00:00:00', '01/01/60', '0'),
(7, '04560059', 'b', 13350.00, 'bl', '2017-01-01 00:00:00', '01/01/60', '0'),
(8, '04580090', 'b', 16000.00, 'bl', '2017-01-01 00:00:00', '01/01/60', '0'),
(9, '04530029', 'b', 145665.00, 'bl', '2017-01-01 00:00:00', '01/01/60', '0'),
(10, '04530024', 'b', 28000.00, 'bl', '2017-01-01 00:00:00', '01/01/60', '0'),
(11, '-4560057', 'b', 33763.00, 'bl', '2017-01-01 00:00:00', '01/01/60', '0'),
(12, '04600096', 'b', 0.00, 'bl', '2017-01-01 00:00:00', '01/01/60', '0'),
(13, '01570110', 'b', 15900.00, 'bl', '2017-01-01 00:00:00', '01/01/60', '0'),
(14, '-1580138', 'b', 1800.00, 'bl', '2017-01-01 00:00:00', '01/01/60', '0'),
(15, '01540076', 'b', 7282.63, 'bl', '2017-01-01 00:00:00', '01/01/60', '0'),
(16, '01500024', 'b', 20006.00, 'bl', '2017-01-01 00:00:00', '01/01/60', '0'),
(17, '01500028', 'b', 28457.80, 'bl', '2017-01-01 00:00:00', '01/01/60', '0'),
(18, '01580120', 'b', 3938.72, 'bl', '2017-01-01 00:00:00', '01/01/60', '0'),
(19, '01580116', 'b', 12500.00, 'bl', '2017-01-01 00:00:00', '01/01/60', '0'),
(20, '01500015', 'b', 10530.00, 'bl', '2017-01-01 00:00:00', '01/01/60', '0'),
(21, '01580130', 'b', 3900.00, 'bl', '2017-01-01 00:00:00', '01/01/60', '0'),
(22, '-1580132', 'b', 2000.00, 'bl', '2017-01-01 00:00:00', '01/01/60', '0'),
(23, '-01600150', 'b', 0.00, 'bl', '2017-01-01 00:00:00', '01/01/60', '0'),
(24, '01590146', 'b', 4500.00, 'bl', '2017-01-01 00:00:00', '01/01/60', '0'),
(25, '01580129', 'b', 1580.00, 'bl', '2017-01-01 00:00:00', '01/01/60', '0'),
(26, '01580140', 'b', 1300.00, 'bl', '2017-01-01 00:00:00', '01/01/60', '0'),
(27, '01580122', 'b', 4550.10, 'bl', '2017-01-01 00:00:00', '01/01/60', '0'),
(28, '01580124', 'b', 2300.00, 'bl', '2017-01-01 00:00:00', '01/01/60', '0'),
(29, '01560098', 'b', 38022.60, 'bl', '2017-01-01 00:00:00', '01/01/60', '0'),
(30, '01590141', 'b', 8191.00, 'bl', '2017-01-01 00:00:00', '01/01/60', '0'),
(31, '01580119', 'b', 1550.00, 'bl', '2017-01-01 00:00:00', '01/01/60', '0'),
(32, '01580128', 'b', 14500.00, 'bl', '2017-01-01 00:00:00', '01/01/60', '0'),
(33, '01530063', 'b', 39012.30, 'bl', '2017-01-01 00:00:00', '01/01/60', '0'),
(34, '-4580082', 'b', 54067.80, 'bl', '2017-01-01 00:00:00', '01/01/60', '0'),
(35, '04580088', 'b', 18000.00, 'bl', '2017-01-01 00:00:00', '01/01/60', '0'),
(36, '04520021', 'b', 29209.90, 'bl', '0000-00-00 00:00:00', '01/01/60', '0'),
(37, '04510018', 'b', 68255.50, 'bl', '2017-01-01 00:00:00', '01/01/60', '0'),
(38, '04560060', 'b', 44903.80, 'bl', '2017-01-01 00:00:00', '01/01/60', '0'),
(39, '04560061', 'b', 32259.80, 'bl', '2017-01-01 00:00:00', '01/01/60', '0'),
(40, '04580084', 'b', 6120.00, 'bl', '2017-01-01 00:00:00', '01/01/60', '0'),
(41, '-4580092', 'b', 3000.00, 'bl', '2017-01-01 00:00:00', '01/01/60', '0'),
(42, '04550048', 'b', 15100.00, 'bl', '2017-01-01 00:00:00', '01/01/60', '0'),
(43, '02550067', 'b', 30923.40, 'bl', '2017-01-01 00:00:00', '01/01/60', '0'),
(44, '01590122', 'b', 33500.10, 'bl', '2017-01-01 00:00:00', '01/01/60', '0'),
(45, '-2500016', 'b', 14727.20, 'bl', '2017-01-01 00:00:00', '01/01/60', '0'),
(46, '02550058', 'b', 7505.93, 'bl', '2017-01-01 00:00:00', '01/01/60', '0'),
(47, '02540053', 'b', 5847.51, 'bl', '2017-01-01 00:00:00', '01/01/60', '0'),
(48, '01600151', 'b', 500.00, 'bl', '2017-01-01 00:00:00', '01/01/60', '0'),
(49, '01590148', 'b', 1000.00, 'bl', '2017-01-01 00:00:00', '01/01/60', '0'),
(50, '01600152', 'b', 0.00, 'bl', '2017-01-01 00:00:00', '01/01/60', '0'),
(51, '01520048', 'b', 10344.20, 'bl', '2017-01-01 00:00:00', '01/01/60', '0'),
(52, '01590144', 'b', 1503.00, 'bl', '2017-01-01 00:00:00', '01/01/60', '0'),
(53, '02590074', 'b', 18000.00, 'bl', '2017-01-01 00:00:00', '01/01/60', '0'),
(54, '01570104', 'b', 4900.00, 'bl', '2017-01-01 00:00:00', '01/01/60', '0'),
(55, '01570105', 'b', 4900.00, 'bl', '2017-01-01 00:00:00', '01/01/60', '0'),
(56, '03606022', 'b', 2000.00, 'bl', '2017-01-01 00:00:00', '01/01/60', '0'),
(57, '04590095', 'b', 56000.00, 'bl', '2017-01-01 00:00:00', '01/01/60', '0'),
(58, '04540037', 'b', 31383.80, 'bl', '2017-01-01 00:00:00', '01/01/60', '0'),
(59, '04600097', 'b', 0.00, 'bl', '2017-01-01 00:00:00', '01/01/60', '0'),
(60, '02530051', 'b', 36330.30, 'bl', '2017-01-01 00:00:00', '01/01/60', '0'),
(61, '01530060', 'b', 1840.04, 'bl', '2017-01-01 00:00:00', '01/01/60', '0'),
(62, '01500034', 'b', -1400.00, 'bl', '2017-01-01 00:00:00', '01/01/60', '0'),
(63, '01570111', 'b', 21300.00, 'bl', '2017-01-01 00:00:00', '01/01/60', '0'),
(64, '01590142', 'b', 1200.00, 'bl', '2017-01-01 00:00:00', '01/01/60', '0'),
(65, '04570076', 'b', 600.00, 'bl', '2017-01-01 00:00:00', '01/01/60', '0'),
(66, '04570072', 'b', 200.00, 'bl', '2017-01-01 00:00:00', '01/01/60', '0'),
(67, '04570073', 'b', 300.00, 'bl', '2017-01-01 00:00:00', '01/01/60', '0'),
(68, '-4530026', 'b', 1005160.00, 'bl', '2017-01-01 00:00:00', '01/01/60', '0'),
(69, '04570070', 'b', 466400.00, 'bl', '2017-01-01 00:00:00', '01/01/60', '0'),
(70, '01530065', 'b', 5370.00, 'bl', '2017-01-01 00:00:00', '01/01/60', '0'),
(71, '04540045', 'b', 26357.80, 'bl', '2017-01-01 00:00:00', '01/01/60', '0'),
(72, '04540032', 'b', 32383.80, 'bl', '2017-01-01 00:00:00', '01/01/60', '0'),
(73, '-04600098', 'b', 0.00, 'bl', '2017-01-01 00:00:00', '01/01/60', '0'),
(74, '01580117', 'b', 300.00, 'bl', '2017-01-01 00:00:00', '01/01/60', '0'),
(75, '-2530045', 'b', 492.00, 'bl', '2017-01-01 00:00:00', '01/01/60', '0'),
(76, '01580135', 'b', 1425.00, 'bl', '2017-01-01 00:00:00', '01/01/60', '0'),
(77, '-1510043', 'b', 253949.00, 'bl', '2017-01-01 00:00:00', '01/01/60', '0'),
(78, '01500014', 'b', 296.30, 'bl', '2017-01-01 00:00:00', '01/01/60', '0'),
(79, '-1500013', 'b', 177.29, 'bl', '2017-01-01 00:00:00', '01/01/60', '0'),
(80, '04590094', 'b', 50000.00, 'bl', '2017-01-01 00:00:00', '01/01/60', '0'),
(81, '02590075', '0', 1000.00, 'de', '2017-01-01 00:00:00', '01/01/60', '1'),
(82, '01500022', '0', -10000.00, 'wi', '2017-01-01 00:00:00', '01/01/60', '1'),
(83, '04550047', '0', -2000.00, 'wi', '2017-01-01 00:00:00', '01/01/60', '1'),
(84, '03600022', '0', 1000.00, 'de', '2017-01-01 00:00:00', '01/01/60', '1'),
(85, '-3540012', '0', 22609.00, 'de', '2017-01-01 00:00:00', '01/01/60', '1'),
(86, '04540040', '0', 1000.00, 'de', '2017-01-01 00:00:00', '01/01/60', '1'),
(87, '04560059', '0', 1000.00, 'de', '0000-00-00 00:00:00', '01/01/60', '1'),
(88, '04580090', '0', 1000.00, 'de', '2017-01-01 00:00:00', '01/01/60', '1'),
(89, '04530029', '0', 10000.00, 'de', '2017-01-01 00:00:00', '01/01/60', '1'),
(90, '04530024', '0', 1600.00, 'de', '2017-01-01 00:00:00', '01/01/60', '1'),
(91, '-4560057', '0', 5000.00, 'de', '2017-01-01 00:00:00', '01/01/60', '1'),
(92, '04600096', '0', 50000.00, 'de', '2017-01-01 00:00:00', '01/01/60', '1'),
(93, '01570110', '0', 600.00, 'de', '2017-01-01 00:00:00', '01/01/60', '1'),
(94, '-1580138', '0', 100.00, 'de', '2017-01-01 00:00:00', '01/01/60', '1'),
(95, '01540076', '0', 100.00, 'de', '2017-01-01 00:00:00', '01/01/60', '1'),
(96, '01500024', '0', 1000.00, 'de', '2017-01-01 00:00:00', '01/01/60', '1'),
(97, '01500028', '0', 16200.00, 'de', '2017-01-01 00:00:00', '01/01/60', '1'),
(98, '01580120', '0', 100.00, 'de', '2017-01-01 00:00:00', '01/01/60', '1'),
(99, '01580116', '0', 500.00, 'de', '2017-01-01 00:00:00', '01/01/60', '1'),
(100, '01500015', '0', 500.00, 'de', '2017-01-01 00:00:00', '01/01/60', '1'),
(101, '01580130', '0', 300.00, 'de', '2017-01-01 00:00:00', '01/01/60', '1'),
(102, '-1580132', '0', 1000.00, 'de', '2017-01-01 00:00:00', '01/01/60', '1'),
(103, '01600150', '0', 500.00, 'de', '0000-00-00 00:00:00', '01/01/60', '1'),
(104, '01590146', '0', 1000.00, 'de', '2017-01-01 00:00:00', '01/01/60', '1'),
(105, '01580129', '0', 60.00, 'de', '2017-01-01 00:00:00', '01/01/60', '1'),
(106, '01580140', '0', 200.00, 'de', '2017-01-01 00:00:00', '01/01/60', '1'),
(107, '01580122', '0', 600.00, 'de', '2017-01-01 00:00:00', '01/01/60', '1'),
(108, '1104', '0', -1800.00, 'wi', '2017-01-08 00:00:00', '08/01/60', '1'),
(109, '01580124', '0', -1000.00, 'wi', '2017-01-08 00:00:00', '08/01/60', '1'),
(110, '-3540012', '0', 5243.00, 'de', '0000-00-00 00:00:00', '08/01/60', '1'),
(111, '-3540012', '0', -65268.00, 'wi', '2017-01-08 00:00:00', '08/01/60', '1'),
(112, '01500024', '0', 1000.00, 'de', '2017-01-08 00:00:00', '08/01/60', '1'),
(113, '01560098', '0', 1500.00, 'de', '2017-01-08 00:00:00', '08/01/60', '1'),
(114, '01590141', '0', 160.00, 'de', '2017-01-08 00:00:00', '08/01/60', '1'),
(115, '01580119', '0', 500.00, 'de', '2017-01-08 00:00:00', '08/01/60', '1'),
(116, '01580128', '0', 700.00, 'de', '2017-01-08 00:00:00', '08/01/60', '1'),
(117, '01530063', '0', 2000.00, 'de', '2017-01-08 00:00:00', '08/01/60', '1'),
(118, '04580082', '0', 1700.00, 'de', '2017-01-08 00:00:00', '08/01/60', '1'),
(119, '04580088', '0', 10000.00, 'de', '2017-01-08 00:00:00', '08/01/60', '1'),
(120, '04520021', '0', 1000.00, 'de', '2017-01-08 00:00:00', '08/01/60', '1'),
(121, '04510018', '0', 1000.00, 'de', '2017-01-08 00:00:00', '08/01/60', '1'),
(122, '04560060', '0', 1000.00, 'de', '2017-01-08 00:00:00', '08/01/60', '1'),
(123, '04560061', '0', 1000.00, 'de', '2017-01-08 00:00:00', '08/01/60', '1'),
(124, '04560061', '0', 1000.00, 'de', '2017-02-05 00:00:00', '05/02/60', '1'),
(125, '04560060', '0', 1000.00, 'de', '2017-02-05 00:00:00', '05/02/60', '1'),
(126, '04530029', '0', 10000.00, 'de', '2017-02-05 00:00:00', '05/02/60', '1'),
(127, '04580084', '0', 1000.00, 'de', '2017-02-05 00:00:00', '05/02/60', '1'),
(128, '04580092', '0', 1000.00, 'de', '2017-02-05 00:00:00', '05/02/60', '1'),
(129, '04580090', '0', 1000.00, 'de', '2017-02-05 00:00:00', '05/02/60', '1'),
(130, '04580082', '0', 7000.00, 'de', '2017-02-05 00:00:00', '05/02/60', '1'),
(131, '04560057', '0', 2000.00, 'de', '2017-02-05 00:00:00', '05/02/60', '1'),
(132, '04550048', '0', 1000.00, 'de', '2017-02-05 00:00:00', '05/02/60', '1'),
(133, '03600022', '0', 1000.00, 'de', '2017-02-05 00:00:00', '05/02/60', '1'),
(134, '04550047', '0', -5000.00, 'wi', '2017-02-05 00:00:00', '05/02/60', '1'),
(135, '02550067', '0', -15000.00, 'wi', '0000-00-00 00:00:00', '05/02/60', '1'),
(136, '01590122', '0', -2000.00, 'wi', '2017-02-05 00:00:00', '05/02/60', '1'),
(137, '01500022', '0', -8000.00, 'wi', '2017-02-05 00:00:00', '05/02/60', '1'),
(138, '02590075', '0', 1500.00, 'de', '2017-02-05 00:00:00', '05/02/60', '1'),
(139, '02500016', '0', 1000.00, 'de', '2017-02-05 00:00:00', '05/02/60', '1'),
(140, '02550058', '0', 1000.00, 'de', '2017-02-05 00:00:00', '05/02/60', '1'),
(141, '02540053', '0', 1000.00, 'de', '2017-02-05 00:00:00', '05/02/60', '1'),
(142, '-1580138', '0', 100.00, 'de', '2017-02-05 00:00:00', '05/02/60', '1'),
(143, '01540076', '0', 100.00, 'de', '2017-02-05 00:00:00', '05/02/60', '1'),
(144, '01590146', '0', 1000.00, 'de', '2017-02-05 00:00:00', '05/02/60', '1'),
(145, '01500024', '0', 1000.00, 'de', '2017-02-05 00:00:00', '05/02/60', '1'),
(146, '01600151', '0', 100.00, 'de', '2017-02-05 00:00:00', '05/02/60', '1'),
(147, '01600150', '0', 300.00, 'de', '2017-02-05 00:00:00', '05/02/60', '1'),
(148, '01580120', '0', 100.00, 'de', '2017-02-05 00:00:00', '05/02/60', '1'),
(149, '01580140', '0', 500.00, 'de', '2017-02-05 00:00:00', '05/02/60', '1'),
(150, '01590148', '0', 100.00, 'de', '2017-02-05 00:00:00', '05/02/60', '1'),
(151, '01500015', '0', 1000.00, 'de', '2017-02-05 00:00:00', '05/02/60', '1'),
(152, '01600152', '0', 40000.00, 'de', '2017-02-05 00:00:00', '05/02/60', '1'),
(153, '01570110', '0', 600.00, 'de', '2017-02-05 00:00:00', '05/02/60', '1'),
(154, '01580116', '0', 500.00, 'de', '2017-02-05 00:00:00', '05/02/60', '1'),
(155, '01560098', '0', 1500.00, 'de', '2017-02-05 00:00:00', '05/02/60', '1'),
(156, '01580129', '0', 60.00, 'de', '2017-02-05 00:00:00', '05/02/60', '1'),
(157, '-1580132', '0', 1000.00, 'de', '2017-02-05 00:00:00', '05/02/60', '1'),
(158, '01580128', '0', 800.00, 'de', '2017-02-05 00:00:00', '05/02/60', '1'),
(159, '01580130', '0', 300.00, 'de', '2017-02-05 00:00:00', '05/02/60', '1'),
(160, '01520048', '0', 400.00, 'de', '2017-02-05 00:00:00', '05/02/60', '1'),
(161, '01530063', '0', 500.00, 'de', '2017-02-05 00:00:00', '05/02/60', '1'),
(162, '01590144', '0', 100.00, 'de', '2017-02-05 00:00:00', '05/02/60', '1'),
(163, '03540012', '0', 6741.00, 'de', '2017-02-12 00:00:00', '12/02/60', '1'),
(164, '02590074', '0', 5000.00, 'de', '2017-02-12 00:00:00', '12/02/60', '1'),
(165, '04540040', '0', 1000.00, 'de', '2017-02-12 00:00:00', '12/02/60', '1'),
(166, '04510018', '0', 1000.00, 'de', '2017-02-12 00:00:00', '12/02/60', '1'),
(167, '-1500024', '0', 1000.00, 'de', '2017-02-12 00:00:00', '12/02/60', '1'),
(168, '01580119', '0', 500.00, 'de', '2017-02-12 00:00:00', '12/02/60', '1'),
(169, '01590141', '0', 272.00, 'de', '2017-02-12 00:00:00', '12/02/60', '1'),
(170, '01570104', '0', 200.00, 'de', '2017-02-12 00:00:00', '12/02/60', '1'),
(171, '01570105', '0', 200.00, 'de', '2017-02-12 00:00:00', '12/02/60', '1'),
(172, '04550047', '0', -6000.00, 'wi', '2017-02-12 00:00:00', '12/02/60', '1'),
(173, '04560057', '0', -30000.00, 'wi', '2017-02-12 00:00:00', '12/02/60', '1'),
(174, '03606022', '0', 1000.00, 'de', '2017-03-05 00:00:00', '05/03/60', '1'),
(175, '04590095', '0', 6000.00, 'de', '2017-03-05 00:00:00', '05/03/60', '1'),
(176, '04540040', '0', 1000.00, 'de', '2017-03-05 00:00:00', '05/03/60', '1'),
(177, '04560059', '0', 1000.00, 'de', '2017-03-05 00:00:00', '05/03/60', '1'),
(178, '04560061', '0', 1000.00, 'de', '2017-03-05 00:00:00', '05/03/60', '1'),
(179, '04540037', '0', 1000.00, 'de', '2017-03-05 00:00:00', '05/03/60', '1'),
(180, '04530029', '0', 10000.00, 'de', '2017-03-05 00:00:00', '05/03/60', '1'),
(181, '04580090', '0', 1000.00, 'de', '2017-03-05 00:00:00', '05/03/60', '1'),
(182, '04600097', '0', 100000.00, 'de', '2017-03-05 00:00:00', '05/03/60', '1'),
(183, '02530051', '0', 1000.00, 'de', '2017-03-05 00:00:00', '05/03/60', '1'),
(184, '02590075', '0', 2000.00, 'de', '2017-03-05 00:00:00', '05/03/60', '1'),
(185, '01560098', '0', 1500.00, 'de', '0000-00-00 00:00:00', '05/03/60', '1'),
(186, '01530060', '0', 500.00, 'de', '2017-03-05 00:00:00', '05/03/60', '1'),
(187, '01600151', '0', 500.00, 'de', '2017-03-05 00:00:00', '05/03/60', '1'),
(188, '01580116', '0', 500.00, 'de', '2017-03-05 00:00:00', '05/03/60', '1'),
(189, '01500034', '0', 1400.00, 'de', '2017-03-05 00:00:00', '05/03/60', '1'),
(190, '04560060', '0', 1000.00, 'de', '2017-03-05 00:00:00', '05/03/60', '1'),
(191, '01590148', '0', 100.00, 'de', '2017-03-05 00:00:00', '05/03/60', '1'),
(192, '01600152', '0', 20000.00, 'de', '2017-03-05 00:00:00', '05/03/60', '1'),
(193, '-1580138', '0', 100.00, 'de', '2017-03-05 00:00:00', '05/03/60', '1'),
(194, '01540076', '0', 100.00, 'de', '0000-00-00 00:00:00', '05/03/60', '1'),
(195, '01570111', '0', 1000.00, 'de', '2017-03-05 00:00:00', '05/03/60', '1'),
(196, '01580120', '0', 100.00, 'de', '2017-03-05 00:00:00', '05/03/60', '1'),
(197, '04580088', '0', 10000.00, 'de', '2017-03-05 00:00:00', '05/03/60', '1'),
(198, '01580129', '0', 60.00, 'de', '2017-03-05 00:00:00', '05/03/60', '1'),
(199, '01500024', '0', 1000.00, 'de', '2017-03-05 00:00:00', '05/03/60', '1'),
(200, '01580140', '0', 300.00, 'de', '2017-03-05 00:00:00', '05/03/60', '1'),
(201, '01590142', '0', 600.00, 'de', '2017-03-05 00:00:00', '05/03/60', '1'),
(202, '01570110', '0', 600.00, 'de', '2017-03-05 00:00:00', '05/03/60', '1'),
(203, '01500015', '0', 500.00, 'de', '2017-03-05 00:00:00', '05/03/60', '1'),
(204, '01580128', '0', 1000.00, 'de', '2017-03-05 00:00:00', '05/03/60', '1'),
(205, '-1580132', '0', 1000.00, 'de', '2017-03-05 00:00:00', '05/03/60', '1'),
(206, '01590146', '0', 1000.00, 'de', '2017-03-05 00:00:00', '05/03/60', '1'),
(207, '01520048', '0', 500.00, 'de', '2017-03-05 00:00:00', '05/03/60', '1'),
(208, '01600150', '0', 200.00, 'de', '2017-03-05 00:00:00', '05/03/60', '1'),
(209, '01580130', '0', 300.00, 'de', '2017-03-05 00:00:00', '05/03/60', '1'),
(210, '01590141', '0', -2000.00, 'wi', '2017-03-05 00:00:00', '05/03/60', '1'),
(211, '04550047', '0', -1000.00, 'wi', '2017-03-05 00:00:00', '05/03/60', '1'),
(212, '04570076', '0', -600.00, 'wi', '2017-03-05 00:00:00', '05/03/60', '1'),
(213, '04570072', '0', -200.00, 'wi', '2017-03-05 00:00:00', '05/03/60', '1'),
(214, '04570073', '0', -300.00, 'wi', '2017-03-05 00:00:00', '05/03/60', '1'),
(215, '04530026', '0', -5160.00, 'wi', '2017-03-05 00:00:00', '05/03/60', '1'),
(216, '04570070', '0', -4000.00, 'wi', '2017-03-05 00:00:00', '05/03/60', '1'),
(217, '01500024', '0', 1000.00, 'de', '2017-03-12 00:00:00', '12/03/60', '1'),
(218, '01580119', '0', 500.00, 'de', '2017-03-12 00:00:00', '12/03/60', '1'),
(219, '01590141', '0', 370.00, 'de', '2017-03-12 00:00:00', '12/03/60', '1'),
(220, '04510018', '0', 1000.00, 'de', '2017-03-12 00:00:00', '12/03/60', '1'),
(221, '04580082', '0', 1500.00, 'de', '2017-03-12 00:00:00', '12/03/60', '1'),
(222, '01530065', '0', -5000.00, 'wi', '2017-03-12 00:00:00', '12/03/60', '1'),
(223, '04540045', '0', -1000.00, 'wi', '2017-03-12 00:00:00', '12/03/60', '1'),
(224, '-3540012', '0', 6741.00, 'de', '2017-03-12 00:00:00', '12/03/60', '1'),
(225, '02590074', '0', 5000.00, 'de', '2017-03-12 00:00:00', '12/03/60', '1'),
(226, '-04540040', '0', 1000.00, 'de', '2017-03-12 00:00:00', '12/03/60', '1'),
(227, '-4510018', '0', 1000.00, 'de', '2017-03-12 00:00:00', '12/03/60', '1'),
(228, '-1500024', '0', 1000.00, 'de', '2017-03-12 00:00:00', '12/03/60', '1'),
(229, '01580119', '0', 500.00, 'de', '2017-03-12 00:00:00', '12/03/60', '1'),
(230, '01590141', '0', 272.00, 'de', '2017-03-12 00:00:00', '12/03/60', '1'),
(231, '01570104', '0', 200.00, 'de', '2017-03-12 00:00:00', '12/03/60', '1'),
(232, '01570105', '0', 200.00, 'de', '2017-03-12 00:00:00', '12/03/60', '1'),
(233, '-4550047', '0', -6000.00, 'wi', '2017-03-12 00:00:00', '12/03/60', '1'),
(234, '-4560057', '0', -30000.00, 'wi', '2017-03-12 00:00:00', '12/03/60', '1'),
(235, '04530026', '0', -8000.00, 'wi', '2017-04-02 00:00:00', '02/04/60', '1'),
(236, '04560059', '0', 1000.00, 'de', '2017-04-02 00:00:00', '02/04/60', '1'),
(237, '04540040', '0', 1000.00, 'de', '2017-04-02 00:00:00', '02/04/60', '1'),
(238, '04540032', '0', 1000.00, 'de', '2017-04-02 00:00:00', '02/04/60', '1'),
(239, '04530029', '0', 20000.00, 'de', '2017-04-02 00:00:00', '02/04/60', '1'),
(240, '04560057', '0', 5000.00, 'de', '2017-04-02 00:00:00', '02/04/60', '1'),
(241, '04580090', '0', 1000.00, 'de', '2017-04-02 00:00:00', '02/04/60', '1'),
(242, '-4600098', '0', 1000.00, 'de', '2017-04-02 00:00:00', '02/04/60', '1'),
(243, '03600022', '0', 1000.00, 'de', '2017-04-02 00:00:00', '02/04/60', '1'),
(244, '02500016', '0', -10000.00, 'wi', '2017-04-02 00:00:00', '02/04/60', '1'),
(245, '01570110', '0', -15000.00, 'wi', '2017-04-02 00:00:00', '02/04/60', '1'),
(246, '01580117', '0', -300.00, 'wi', '0000-00-00 00:00:00', '02/04/60', '1'),
(247, '02530045', '0', 2000.00, 'de', '2017-04-02 00:00:00', '02/04/60', '1'),
(248, '02590075', '0', 2000.00, 'de', '2017-04-02 00:00:00', '02/04/60', '1'),
(249, '02530051', '0', 1000.00, 'de', '2017-04-02 00:00:00', '02/04/60', '1'),
(250, '01580128', '0', 1100.00, 'de', '2017-04-02 00:00:00', '02/04/60', '1'),
(251, '01580135', '0', 100.00, 'de', '2017-04-02 00:00:00', '02/04/60', '1'),
(252, '01510043', '0', 59500.00, 'de', '2017-04-02 00:00:00', '02/04/60', '1'),
(253, '01580130', '0', 300.00, 'de', '2017-04-02 00:00:00', '02/04/60', '1'),
(254, '-1580138', '0', 100.00, 'de', '2017-04-02 00:00:00', '02/04/60', '1'),
(255, '01600151', '0', 200.00, 'de', '2017-04-02 00:00:00', '02/04/60', '1'),
(256, '01580120', '0', 100.00, 'de', '2017-04-02 00:00:00', '02/04/60', '1'),
(257, '01580116', '0', 500.00, 'de', '2017-04-02 00:00:00', '02/04/60', '1'),
(258, '01590146', '0', 1000.00, 'de', '2017-04-02 00:00:00', '02/04/60', '1'),
(259, '01500014', '0', 500.00, 'de', '2017-04-02 00:00:00', '02/04/60', '1'),
(260, '-1500013', '0', 1000.00, 'de', '2017-04-02 00:00:00', '02/04/60', '1'),
(261, '-1570110', '0', 600.00, 'de', '2017-04-02 00:00:00', '02/04/60', '1'),
(262, '01500015', '0', 500.00, 'de', '2017-04-02 00:00:00', '02/04/60', '1'),
(263, '01540076', '0', 100.00, 'de', '2017-04-02 00:00:00', '02/04/60', '1'),
(264, '01590148', '0', 100.00, 'de', '2017-04-02 00:00:00', '02/04/60', '1'),
(265, '04590094', '0', 500.00, 'de', '2017-04-02 00:00:00', '02/04/60', '1'),
(266, '01500024', '0', 1000.00, 'de', '2017-04-02 00:00:00', '02/04/60', '1'),
(267, '01600150', '0', 200.00, 'de', '2017-04-02 00:00:00', '02/04/60', '1'),
(268, '01520048', '0', 500.00, 'de', '2017-04-02 00:00:00', '02/04/60', '1'),
(269, '01580140', '0', 500.00, 'de', '2017-04-02 00:00:00', '02/04/60', '1'),
(270, '04580091', '88', 112000.00, 'bl', '2017-04-20 19:37:34', '20/04/60', '1'),
(271, '04580091', '88', 8000.00, 'de', '2017-04-20 19:37:34', '20/04/60', '1'),
(272, '04600098', '88', 5000.00, 'de', '2017-04-20 19:38:08', '20/04/60', '1'),
(273, '-4560060', '88', 1000.00, 'de', '2017-04-20 19:38:36', '20/04/60', '1'),
(274, '04560061', '88', 1000.00, 'de', '2017-04-20 19:46:48', '20/04/60', '1'),
(275, '-4590093', '88', 57120.00, 'bl', '2017-04-20 19:47:14', '20/04/60', '1'),
(276, '-4590093', '88', 1000.00, 'de', '2017-04-20 19:47:14', '20/04/60', '1'),
(277, '-4510018', '88', 1000.00, 'de', '2017-04-20 20:05:14', '20/04/60', '1'),
(278, '04580082', '88', 1500.00, 'de', '2017-04-20 20:05:52', '20/04/60', '1'),
(279, '01500024', '88', 1000.00, 'de', '2017-05-07 17:19:10', '07/05/60', '1'),
(280, '01580128', '88', 1000.00, 'de', '2017-05-07 17:19:59', '07/05/60', '1'),
(281, '01540076', '88', 100.00, 'de', '2017-05-07 17:22:49', '07/05/60', '1'),
(282, '01570110', '88', 1000.00, 'de', '2017-05-07 17:23:43', '07/05/60', '1'),
(283, '01570104', '88', 200.00, 'de', '2017-05-07 17:24:14', '07/05/60', '1'),
(284, '01570105', '88', 200.00, 'de', '2017-05-07 17:24:39', '07/05/60', '1'),
(285, '01570111', '88', 1000.00, 'de', '2017-05-07 17:25:31', '07/05/60', '1'),
(286, '01500015', '88', 500.00, 'de', '2017-05-07 17:26:28', '07/05/60', '1'),
(287, '-1580120', '88', 500.00, 'de', '2017-05-07 17:35:53', '07/05/60', '1'),
(288, '01590148', '88', 200.00, 'de', '2017-05-07 17:36:41', '07/05/60', '1'),
(289, '01580130', '88', 300.00, 'de', '2017-05-07 17:37:04', '07/05/60', '1'),
(290, '01600151', '88', 200.00, 'de', '2017-05-07 17:39:49', '07/05/60', '1'),
(291, '-1580138', '88', 100.00, 'de', '2017-05-07 17:42:50', '07/05/60', '1'),
(292, '01590146', '88', 1000.00, 'de', '2017-05-07 17:45:14', '07/05/60', '1'),
(293, '01580116', '88', 500.00, 'de', '2017-05-07 17:46:51', '07/05/60', '1'),
(294, '01600150', '88', 200.00, 'de', '2017-05-07 17:50:38', '07/05/60', '1'),
(295, '01520048', '88', 500.00, 'de', '2017-05-07 17:53:42', '07/05/60', '1'),
(296, '01560098', '88', -44735.00, 'wi', '2017-05-07 17:56:14', '07/05/60', '1'),
(297, '02590075', '88', 1000.00, 'de', '2017-05-07 18:54:36', '07/05/60', '1'),
(298, '02530051', '88', 1000.00, 'de', '2017-05-07 18:54:59', '07/05/60', '1'),
(299, '02530046', '88', 2000.00, 'de', '2017-05-07 18:56:20', '07/05/60', '1'),
(300, '02520038', '88', 1000.00, 'de', '2017-05-07 19:01:47', '07/05/60', '1'),
(301, '04600098', '88', 1000.00, 'de', '2017-05-07 19:04:02', '07/05/60', '1'),
(302, '04530029', '88', 20000.00, 'de', '2017-05-07 19:04:22', '07/05/60', '1'),
(303, '04530026', '88', 100000.00, 'de', '2017-05-07 19:05:07', '07/05/60', '1'),
(304, '04580088', '88', 5000.00, 'de', '2017-05-07 19:07:25', '07/05/60', '1'),
(305, '04580082', '88', 1500.00, 'de', '2017-05-07 19:10:39', '07/05/60', '1'),
(306, '04520021', '88', 1000.00, 'de', '2017-05-07 19:12:36', '07/05/60', '1'),
(307, '04540037', '88', 1000.00, 'de', '2017-05-07 19:13:56', '07/05/60', '1'),
(308, '04540040', '88', 1000.00, 'de', '2017-05-07 19:15:48', '07/05/60', '1'),
(309, '04530026', '88', -8000.00, 'wi', '2017-05-07 19:17:56', '07/05/60', '1'),
(310, '', '88', 35000.00, 'er', '2017-05-07 19:23:19', '07/05/60', '1'),
(311, '04560061', '88', -35000.00, 'wi', '2017-05-07 19:25:21', '07/05/60', '1'),
(312, '04580090', '88', 1000.00, 'de', '2017-05-07 19:27:37', '07/05/60', '1'),
(313, '-2520034', '88', -32000.00, 'wi', '2017-05-07 19:58:11', '07/05/60', '1'),
(314, '01590146', '88', 1000.00, 'de', '2017-06-04 14:26:36', '04/06/60', '1'),
(315, '01580128', '88', 300.00, 'de', '2017-06-04 14:44:01', '04/06/60', '1'),
(316, '01590146', '88', 1000.00, 'de', '2017-06-04 15:03:09', '04/06/60', '1'),
(317, '01570110', '88', 1500.00, 'de', '2017-06-04 15:06:34', '04/06/60', '1'),
(318, '01600152', '88', 40000.00, 'de', '2017-06-04 15:07:14', '04/06/60', '1'),
(319, '01580116', '88', 500.00, 'de', '2017-06-04 15:07:48', '04/06/60', '1'),
(320, '01600151', '88', 100.00, 'de', '2017-06-04 15:08:13', '04/06/60', '1'),
(321, '02590075', '88', 1000.00, 'de', '2017-06-04 15:09:30', '04/06/60', '1'),
(322, '02530046', '88', 2000.00, 'de', '2017-06-04 15:11:12', '04/06/60', '1'),
(323, '04580088', '88', 5000.00, 'de', '2017-06-04 15:14:43', '04/06/60', '1'),
(324, '04580090', '88', 1000.00, 'de', '2017-06-04 15:15:09', '04/06/60', '1'),
(325, '01580120', '88', 100.00, 'de', '2017-06-04 15:18:45', '04/06/60', '1'),
(326, '01540076', '88', 100.00, 'de', '2017-06-04 15:21:21', '04/06/60', '1'),
(327, '01580130', '88', 300.00, 'de', '2017-06-04 15:25:28', '04/06/60', '1'),
(328, '01580138', '88', 100.00, 'de', '2017-06-04 15:26:20', '04/06/60', '1'),
(329, '01530063', '88', 1000.00, 'de', '2017-06-04 15:28:43', '04/06/60', '1'),
(330, '01580129', '88', 60.00, 'de', '2017-06-04 15:30:56', '04/06/60', '1'),
(331, '04560057', '88', 5000.00, 'de', '2017-06-04 15:38:46', '04/06/60', '1'),
(332, '02500016', '88', 1000.00, 'de', '2017-06-04 15:45:22', '04/06/60', '1'),
(333, '02530045', '88', -20000.00, 'wi', '2017-06-04 15:46:19', '04/06/60', '1'),
(334, '04550053', '88', 1000.00, 'de', '2017-06-04 15:48:59', '04/06/60', '1'),
(335, '03600022', '88', 1000.00, 'de', '2017-06-04 15:51:33', '04/06/60', '1'),
(336, '-2500015', '88', -3000.00, 'wi', '2017-06-04 15:53:02', '04/06/60', '1'),
(337, '-1500024', '88', 1000.00, 'de', '2017-06-04 15:58:02', '04/06/60', '1'),
(338, '01590148', '88', 4100.00, 'de', '2017-06-04 16:03:47', '04/06/60', '1'),
(339, '01590140', '88', 200.00, 'de', '2017-06-04 16:09:17', '04/06/60', '1'),
(340, '04570074', '88', -1280.00, 'wi', '2017-06-04 16:40:52', '04/06/60', '1'),
(341, '04540037', '88', 1000.00, 'de', '2017-06-04 16:47:52', '04/06/60', '1'),
(342, '02530051', '88', 1000.00, 'de', '2017-06-04 16:48:58', '04/06/60', '1'),
(343, '04540040', '88', 1000.00, 'de', '2017-06-04 16:53:50', '04/06/60', '1'),
(344, '01590144', '88', 300.00, 'de', '2017-06-04 16:58:03', '04/06/60', '1'),
(345, '01540080', '88', -222010.00, 'wi', '2017-06-04 19:39:10', '04/06/60', '1'),
(346, '04580085', '88', -300000.00, 'wi', '2017-06-04 19:54:57', '04/06/60', '1'),
(347, '01510043', '88', 22825.00, 'de', '2017-06-11 18:11:39', '11/06/60', '1'),
(348, '01600150', '88', 200.00, 'de', '2017-06-11 18:14:37', '11/06/60', '1'),
(349, '01500024', '88', 1000.00, 'de', '2017-06-11 18:14:57', '11/06/60', '1'),
(350, '01580119', '88', 1000.00, 'de', '2017-06-11 18:15:49', '11/06/60', '1'),
(351, '01580128', '88', 1500.00, 'de', '2017-06-11 18:18:45', '11/06/60', '1'),
(352, '01590141', '88', 2620.00, 'de', '2017-06-11 18:30:23', '11/06/60', '1'),
(353, '01570104', '88', 200.00, 'de', '2017-06-11 18:32:30', '11/06/60', '1'),
(354, '01580134', '88', -1000.00, 'wi', '2017-06-11 18:33:52', '11/06/60', '1'),
(355, '-1520048', '88', 2200.00, 'de', '2017-06-11 19:15:13', '11/06/60', '1'),
(356, '03550017', '88', -10000.00, 'wi', '2017-06-11 19:17:14', '11/06/60', '1'),
(357, '02590074', '88', 4000.00, 'de', '2017-06-11 19:19:35', '11/06/60', '1'),
(358, '-3540012', '88', 13393.00, 'de', '2017-06-11 19:22:22', '11/06/60', '1'),
(359, '04600098', '88', 1000.00, 'de', '2017-06-11 19:24:02', '11/06/60', '1'),
(360, '04510018', '88', 1000.00, 'de', '2017-06-11 19:24:58', '11/06/60', '1'),
(361, '04560063', '88', -3000.00, 'wi', '2017-06-11 19:26:59', '11/06/60', '1'),
(362, '04560060', '88', 1000.00, 'de', '2017-06-11 19:28:49', '11/06/60', '1'),
(363, '04560061', '88', 5000.00, 'de', '2017-06-11 19:30:24', '11/06/60', '1'),
(364, '01580120', '88', 100.00, 'de', '2017-07-02 14:32:33', '02/07/60', '1'),
(365, '01500015', '88', 500.00, 'de', '2017-07-02 14:34:02', '02/07/60', '1'),
(366, '01580128', '88', 2500.00, 'de', '2017-07-02 14:34:22', '02/07/60', '1'),
(367, '01580138', '88', 100.00, 'de', '2017-07-02 14:34:52', '02/07/60', '1'),
(368, '01540076', '88', 100.00, 'de', '2017-07-02 14:35:16', '02/07/60', '1'),
(369, '-1570110', '88', 1500.00, 'de', '2017-07-02 14:35:41', '02/07/60', '1'),
(370, '01580130', '88', 300.00, 'de', '2017-07-02 14:36:07', '02/07/60', '1'),
(371, '01590146', '88', 1000.00, 'de', '2017-07-02 14:37:04', '02/07/60', '1'),
(372, '01500002', '88', 500.00, 'de', '2017-07-02 14:43:14', '02/07/60', '1'),
(373, '01500001', '88', 107.54, 'bl', '2017-07-02 14:46:13', '02/07/60', '1'),
(374, '01500001', '88', 500.00, 'de', '2017-07-02 14:46:14', '02/07/60', '1'),
(375, '01600151', '88', 100.00, 'de', '2017-07-02 14:47:04', '02/07/60', '1'),
(376, '01580116', '88', 500.00, 'de', '2017-07-02 14:47:29', '02/07/60', '1'),
(377, '01590144', '88', 200.00, 'de', '2017-07-02 14:48:43', '02/07/60', '1'),
(378, '01510043', '88', 20000.00, 'de', '2017-07-02 14:49:06', '02/07/60', '1'),
(379, '01550093', '88', 100.00, 'bl', '2017-07-02 14:51:22', '02/07/60', '1'),
(380, '01550093', '88', 100000.00, 'de', '2017-07-02 14:51:22', '02/07/60', '1'),
(381, '02500016', '88', 1000.00, 'de', '2017-07-02 14:52:02', '02/07/60', '1'),
(382, '04580090', '88', 1000.00, 'de', '2017-07-02 14:52:51', '02/07/60', '1'),
(383, '04500012', '88', 50000.00, 'de', '2017-07-02 14:53:27', '02/07/60', '1'),
(384, '04560057', '88', 5000.00, 'de', '2017-07-02 14:55:38', '02/07/60', '1'),
(385, '04540037', '88', 1000.00, 'de', '2017-07-02 14:56:03', '02/07/60', '1'),
(386, '04530026', '88', -4320.00, 'wi', '2017-07-02 14:56:39', '02/07/60', '1'),
(387, '01600160', '88', 500.00, 'de', '2017-07-02 15:02:14', '02/07/60', '1'),
(388, '04540045', '88', -25000.00, 'wi', '2017-07-02 15:03:21', '02/07/60', '1'),
(389, '-01580136', '88', 797.56, 'bl', '2017-07-02 15:06:03', '02/07/60', '1'),
(390, '02530051', '88', 1000.00, 'de', '2017-07-02 15:07:55', '02/07/60', '1'),
(391, '02600076', '88', 300000.00, 'de', '2017-07-02 15:11:05', '02/07/60', '1'),
(392, '04560059', '88', 1000.00, 'de', '2017-07-02 15:11:30', '02/07/60', '1'),
(393, '-02580071', '88', -1000.00, 'wi', '2017-07-02 15:12:23', '02/07/60', '1'),
(394, '04560061', '88', 1000.00, 'de', '2017-07-02 15:15:12', '02/07/60', '1'),
(395, '04560060', '88', 1000.00, 'de', '2017-07-02 15:15:43', '02/07/60', '1'),
(396, '01580131', '88', -4000.00, 'wi', '2017-07-02 15:16:40', '02/07/60', '1'),
(397, '01580129', '88', 60.00, 'de', '2017-07-02 15:20:57', '02/07/60', '1'),
(398, '01590148', '88', 3500.00, 'de', '2017-07-02 16:01:27', '02/07/60', '1'),
(399, '02550067', '88', -5000.00, 'wi', '2017-07-02 16:01:55', '02/07/60', '1'),
(400, '04600098', '88', 1000.00, 'de', '2017-07-02 16:02:15', '02/07/60', '1'),
(401, '01500024', '88', 1000.00, 'de', '2017-07-02 16:02:31', '02/07/60', '1'),
(402, '04540040', '88', 1000.00, 'de', '2017-07-02 16:09:46', '02/07/60', '1'),
(403, '01580124', '88', -1000.00, 'wi', '2017-07-02 16:30:27', '02/07/60', '1'),
(404, '04560063', '88', -3000.00, 'wi', '2017-07-02 16:37:09', '02/07/60', '1'),
(405, '04580091', '88', -320.00, 'wi', '2017-07-02 16:37:58', '02/07/60', '1'),
(406, '01580131', '88', 4000.00, 'bl', '2017-07-02 20:47:03', '02/07/60', '1'),
(407, '01580131', '88', 0.00, 'de', '2017-07-02 20:47:03', '02/07/60', '1'),
(408, '-02580071', '88', -1000.00, 'wi', '2017-07-02 20:47:58', '02/07/60', '1'),
(409, '01570104', '88', 200.00, 'de', '2017-07-09 17:20:45', '09/07/60', '1'),
(410, '01570105', '88', 200.00, 'de', '2017-07-09 17:22:14', '09/07/60', '1'),
(411, '02590074', '88', 3000.00, 'de', '2017-07-09 17:22:54', '09/07/60', '1'),
(412, '04520021', '88', 1000.00, 'de', '2017-07-09 17:23:25', '09/07/60', '1'),
(413, '04550053', '88', -1500.00, 'wi', '2017-07-09 17:25:58', '09/07/60', '1'),
(414, '04550049', '88', 96368.10, 'bl', '2017-07-09 17:31:48', '09/07/60', '1'),
(415, '04550049', '88', 88000.00, 'de', '2017-07-09 17:31:48', '09/07/60', '1'),
(416, '01590144', '88', 50.00, 'de', '2017-07-09 17:33:43', '09/07/60', '1'),
(417, '02580071', '88', 12000.00, 'bl', '2017-07-09 17:34:02', '09/07/60', '1'),
(418, '-02580071', '88', 0.00, 'de', '2017-07-09 17:34:02', '09/07/60', '1'),
(419, '01580136', '88', 797.56, 'bl', '2017-07-09 17:43:26', '09/07/60', '1'),
(420, '-01580136', '88', 0.00, 'de', '2017-07-09 17:43:26', '09/07/60', '1'),
(421, '04500012', '88', 200923.00, 'bl', '2017-07-09 17:46:15', '09/07/60', '1'),
(422, '01590141', '88', 580.00, 'de', '2017-07-09 18:01:31', '09/07/60', '1'),
(423, '02580072', '88', 34379.70, 'bl', '2017-07-09 18:09:09', '09/07/60', '1'),
(424, '02580072', '88', 2478.06, 'de', '2017-07-09 18:09:09', '09/07/60', '1'),
(425, '01530060', '88', -2478.06, 'wi', '2017-07-09 18:09:58', '09/07/60', '1'),
(426, '04510018', '88', 1000.00, 'de', '2017-07-09 18:12:10', '09/07/60', '1'),
(427, '01500024', '88', 1000.00, 'de', '2017-07-09 18:22:48', '09/07/60', '1'),
(428, '01580119', '88', 450.00, 'de', '2017-07-09 18:23:19', '09/07/60', '1'),
(429, '-4600099', '88', 46375.00, 'bl', '2017-05-07 18:32:33', '07/05/60', '1'),
(430, '04600099', '88', 2000.00, 'de', '2017-06-11 18:32:33', '11/08/60', '1'),
(431, '-1600150', '88', 100.00, 'de', '2017-07-09 18:33:27', '09/07/60', '1'),
(432, '03600022', '88', 1000.00, 'de', '2017-07-09 18:34:45', '09/07/60', '1'),
(433, '04580082', '88', 1500.00, 'de', '2017-07-09 18:42:41', '09/07/60', '1'),
(434, '-4580082', '88', 1500.00, 'de', '2017-07-09 18:45:10', '09/07/60', '1'),
(435, '04560065', '88', 951.37, 'bl', '2017-07-09 18:50:31', '09/07/60', '1'),
(436, '04560065', '88', 1000.00, 'de', '2017-07-09 18:50:31', '09/07/60', '1'),
(437, '04560063', '88', 16031.90, 'bl', '2017-01-01 18:50:59', '01/01/60', '1'),
(438, '04560063', '88', 1000.00, 'de', '2017-07-09 18:50:59', '09/07/60', '1'),
(439, '04560064', '88', 1082.32, 'bl', '2017-07-09 19:54:10', '09/07/60', '1'),
(440, '04560064', '88', 1000.00, 'de', '2017-07-09 19:54:10', '09/07/60', '1'),
(441, '-4560066', '88', 846.64, 'bl', '2017-07-09 19:54:40', '09/07/60', '1'),
(442, '04560066', '88', 1000.00, 'de', '2017-07-09 19:54:40', '09/07/60', '1'),
(443, '04560067', '88', 951.37, 'bl', '2017-07-09 19:55:30', '09/07/60', '1'),
(444, '04560067', '88', 1000.00, 'de', '2017-07-09 19:55:30', '09/07/60', '1'),
(445, '01530063', '88', 600.00, 'de', '2017-07-09 19:56:01', '09/07/60', '1'),
(446, '01580119', '88', -5000.00, 'wi', '2017-07-09 19:56:30', '09/07/60', '1'),
(447, '01600150', '88', 100.00, 'de', '2017-07-09 19:59:27', '09/07/60', '1'),
(448, '04600099', '88', 1000.00, 'de', '2017-07-09 20:02:22', '09/07/60', '1'),
(449, '-3600022', '88', 1000.00, 'de', '2017-07-09 20:03:18', '09/07/60', '1'),
(450, '01500001', '88', 100.00, 'de', '2017-08-06 13:22:58', '06/08/60', '1'),
(451, '01600160', '88', 100.00, 'de', '2017-08-06 13:23:26', '06/08/60', '1'),
(452, '01500002', '88', 5.58, 'bl', '2017-01-01 13:23:54', '01/01/60', '1'),
(453, '01500002', '88', 100.00, 'de', '2017-08-06 13:23:54', '06/08/60', '1'),
(454, '01580128', '88', 2500.00, 'de', '2017-08-06 13:29:28', '06/08/60', '1'),
(455, '01500015', '88', 500.00, 'de', '2017-08-06 13:30:24', '06/08/60', '1'),
(456, '01580137', '88', 800.00, 'bl', '2017-08-06 13:43:20', '06/08/60', '1'),
(457, '01580137', '88', 300.00, 'de', '2017-08-06 13:43:20', '06/08/60', '1'),
(458, '01530063', '88', 1000.00, 'de', '2017-08-06 13:48:06', '06/08/60', '1'),
(459, '-1570110', '88', 1000.00, 'de', '2017-08-06 14:13:40', '06/08/60', '1'),
(460, '04530028', '88', -3000.00, 'wi', '2017-08-06 14:15:48', '06/08/60', '1'),
(461, '04580090', '88', 1000.00, 'de', '2017-08-06 14:19:39', '06/08/60', '1'),
(462, '04530026', '88', -800.00, 'wi', '2017-08-06 14:20:47', '06/08/60', '1'),
(463, '04580091', '88', 10000.00, 'de', '2017-08-06 14:31:44', '06/08/60', '1'),
(464, '04590093', '88', -10000.00, 'wi', '2017-08-06 14:47:49', '06/08/60', '1'),
(465, '01580129', '88', 60.00, 'de', '2017-08-06 14:50:15', '06/08/60', '1'),
(466, '01540076', '88', 100.00, 'de', '2017-08-06 14:55:00', '06/08/60', '1'),
(467, '01580138', '88', 100.00, 'de', '2017-08-06 14:55:29', '06/08/60', '1'),
(468, '04550053', '88', 1500.00, 'bl', '2017-01-01 15:37:23', '01/01/60', '1'),
(469, '-04550053', '88', 0.00, 'de', '2017-08-06 15:37:23', '06/08/60', '1'),
(470, '01580120', '88', 100.00, 'de', '2017-08-06 15:41:55', '06/08/60', '1'),
(471, '01500024', '88', 1000.00, 'de', '2017-08-06 15:43:08', '06/08/60', '1'),
(472, '02590075', '88', 1000.00, 'de', '2017-08-06 15:43:52', '06/08/60', '1'),
(473, '01590148', '88', 200.00, 'de', '2017-08-06 15:44:29', '06/08/60', '1'),
(474, '04580082', '88', 2000.00, 'de', '2017-08-06 15:45:01', '06/08/60', '1'),
(475, '01500014', '88', 100.00, 'de', '2017-08-06 15:52:24', '06/08/60', '1'),
(476, '-1500013', '88', 200.00, 'de', '2017-08-06 15:52:49', '06/08/60', '1'),
(477, '-04600099', '88', 2000.00, 'de', '2017-08-06 15:55:20', '06/08/60', '1'),
(478, '04600099', '88', 2000.00, 'de', '2017-08-06 16:03:22', '06/08/60', '1'),
(479, '04530024', '88', 5900.00, 'de', '2017-08-06 16:13:28', '06/08/60', '1'),
(480, '04600098', '88', 1000.00, 'de', '2017-08-06 16:14:07', '06/08/60', '1'),
(481, '04560060', '88', 1000.00, 'de', '2017-08-06 16:14:42', '06/08/60', '1'),
(482, '04560061', '88', 1000.00, 'de', '2017-08-06 16:17:08', '06/08/60', '1'),
(483, '04530029', '88', 20000.00, 'de', '2017-08-06 16:17:39', '06/08/60', '1'),
(484, '04570074', '88', -8000.00, 'wi', '2017-08-06 16:20:10', '06/08/60', '1'),
(485, '04540040', '88', 1000.00, 'de', '2017-08-06 16:30:52', '06/08/60', '1'),
(486, '01600151', '88', 100.00, 'de', '2017-08-06 16:45:55', '06/08/60', '1'),
(487, '01520048', '88', -7000.00, 'wi', '2017-08-06 16:50:17', '06/08/60', '1'),
(488, '04560059', '88', 2500.00, 'de', '2017-08-06 17:23:12', '06/08/60', '1'),
(489, '01580135', '88', 500.00, 'de', '2017-08-06 17:23:34', '06/08/60', '1'),
(490, '04530028', '00', 32152.00, 'bl', '2017-01-01 16:14:55', '01/01/60', '1'),
(491, '-04530028', '88', 0.00, 'de', '2017-08-13 16:14:55', '13/08/60', '1'),
(492, '01570104', '88', 200.00, 'de', '2017-08-13 17:19:49', '13/08/60', '1'),
(493, '01570105', '88', 200.00, 'de', '2017-08-13 17:20:43', '13/08/60', '1'),
(494, '02590074', '88', 3000.00, 'de', '2017-08-13 17:25:15', '13/08/60', '1'),
(495, '04600100', '88', 200000.00, 'de', '2017-08-13 17:29:00', '13/08/60', '1'),
(496, '01500024', '88', 1000.00, 'de', '2017-08-13 17:35:45', '13/08/60', '1'),
(497, '01510043', '88', 25000.00, 'de', '2017-08-13 17:36:15', '13/08/60', '1'),
(498, '-4500011', '88', 103738.00, 'bl', '2017-08-13 17:40:34', '01/01/60', '1'),
(499, '-4500011', '88', -3000.00, 'wi', '2017-08-13 17:41:09', '13/08/60', '1'),
(500, '04550051', '88', 54338.60, 'bl', '2017-08-13 17:59:02', '01/01/60', '1'),
(501, '-04550051', '88', 0.00, 'de', '2017-08-13 17:59:02', '13/08/60', '1'),
(502, '04550051', '88', -2500.00, 'wi', '2017-08-13 17:59:06', '13/08/60', '1'),
(503, '-3540012', '88', 25748.00, 'de', '2017-08-13 18:29:49', '13/08/60', '1'),
(504, '01580119', '88', 500.00, 'de', '2017-08-13 18:31:45', '13/08/60', '1'),
(505, '01590141', '88', 530.00, 'de', '2017-08-13 18:32:31', '13/08/60', '1'),
(506, '04510018', '88', 1000.00, 'de', '2017-08-13 18:52:24', '13/08/60', '1'),
(507, '04580089', '88', 40000.00, 'bl', '2017-08-13 19:48:54', '13/08/60', '1'),
(508, '-4580089', '88', 0.00, 'de', '2017-08-13 19:48:54', '13/08/60', '1'),
(509, '04580089', '88', -10000.00, 'wi', '2017-08-13 19:49:01', '13/08/60', '1'),
(510, '01600151', '88', 100.00, 'de', '2017-09-03 17:16:05', '03/09/60', '1'),
(511, '01580129', '88', 60.00, 'de', '2017-09-03 17:16:20', '03/09/60', '1'),
(512, '01580130', '88', 300.00, 'de', '2017-09-03 17:16:50', '03/09/60', '1'),
(513, '01580116', '88', 500.00, 'de', '2017-09-03 17:17:39', '03/09/60', '1'),
(514, '01540076', '88', 100.00, 'de', '2017-09-03 17:19:08', '03/09/60', '1'),
(515, '01580138', '88', 100.00, 'de', '2017-09-03 17:19:29', '03/09/60', '1'),
(516, '01510043', '88', 25000.00, 'de', '2017-09-03 17:19:53', '03/09/60', '1'),
(517, '01580120', '88', 100.00, 'de', '2017-09-03 17:20:33', '03/09/60', '1'),
(518, '01590148', '88', 200.00, 'de', '2017-09-03 17:21:32', '03/09/60', '1'),
(519, '01500001', '88', 100.00, 'de', '2017-09-03 17:21:51', '03/09/60', '1'),
(520, '01600160', '88', 100.00, 'de', '2017-09-03 17:22:06', '03/09/60', '1'),
(521, '01500015', '88', 500.00, 'de', '2017-09-03 17:22:24', '03/09/60', '1'),
(522, '01580128', '88', 1700.00, 'de', '2017-09-03 17:22:40', '03/09/60', '1'),
(523, '-1570110', '88', 500.00, 'de', '2017-09-03 17:22:58', '03/09/60', '1'),
(524, '01520048', '88', 500.00, 'de', '2017-09-03 17:23:39', '03/09/60', '1'),
(525, '01600150', '88', 400.00, 'de', '2017-09-03 17:23:57', '03/09/60', '1'),
(526, '01500033', '88', 0.00, 'de', '2017-09-03 17:28:56', '03/09/60', '1'),
(527, '01500033', '88', -24363.60, 'wi', '2017-09-03 17:29:27', '03/09/60', '1'),
(528, '01500033', '88', -10000.00, 'wi', '2017-09-03 17:31:37', '03/09/60', '1'),
(529, '03600022', '88', 1000.00, 'de', '2017-09-03 17:32:18', '03/09/60', '1'),
(530, '02500016', '88', 1000.00, 'de', '2017-09-03 17:32:37', '03/09/60', '1'),
(531, '02590075', '88', 1000.00, 'de', '2017-09-03 17:34:01', '03/09/60', '1'),
(532, '02530051', '88', 1000.00, 'de', '2017-09-03 17:34:18', '03/09/60', '1'),
(533, '02530045', '88', 6000.00, 'de', '2017-09-03 17:34:39', '03/09/60', '1'),
(534, '-3520008', '88', 33207.40, 'bl', '2017-09-03 17:36:32', '03/09/60', '1'),
(535, '-3520008', '88', 0.00, 'de', '2017-09-03 17:36:32', '03/09/60', '1'),
(536, '03520008', '88', -15000.00, 'wi', '2017-09-03 17:39:26', '03/09/60', '1'),
(537, '-4560057', '88', 5000.00, 'de', '2017-09-03 17:40:06', '03/09/60', '1'),
(538, '04560059', '88', 1000.00, 'de', '2017-09-03 17:40:22', '03/09/60', '1'),
(539, '04540040', '88', 1000.00, 'de', '2017-09-03 17:40:35', '03/09/60', '1'),
(540, '04600098', '88', 1000.00, 'de', '2017-09-03 17:40:51', '03/09/60', '1'),
(541, '04530029', '88', 10000.00, 'de', '2017-09-03 17:41:12', '03/09/60', '1'),
(542, '04600101', '88', 24363.60, 'de', '2017-09-03 17:43:10', '03/09/60', '1'),
(543, '04560060', '88', 1000.00, 'de', '2017-09-03 17:45:08', '03/09/60', '1'),
(544, '04560061', '88', 1000.00, 'de', '2017-09-03 17:45:37', '03/09/60', '1'),
(545, '04540037', '88', 1000.00, 'de', '2017-09-03 17:45:52', '03/09/60', '1'),
(546, '04580090', '88', 1000.00, 'de', '2017-09-03 17:46:21', '03/09/60', '1'),
(547, '-4540041', '88', 62400.00, 'bl', '2017-09-03 17:47:21', '03/09/60', '1'),
(548, '-4540041', '88', 0.00, 'de', '2017-09-03 17:47:21', '03/09/60', '1'),
(549, '04540041', '88', -2400.00, 'wi', '2017-09-03 17:47:30', '03/09/60', '1'),
(550, '04530026', '88', -12880.00, 'wi', '2017-09-03 17:48:01', '03/09/60', '1'),
(551, '-4600101', '88', 24363.60, 'bl', '2017-09-10 18:32:12', '10/09/60', '1'),
(552, '-4600101', '88', 0.00, 'de', '2017-09-10 18:32:12', '10/09/60', '1'),
(553, '01500024', '88', 1000.00, 'de', '2017-09-10 18:35:51', '03/09/60', '1'),
(554, '01500024', '88', 1000.00, 'de', '2017-09-10 18:37:17', '10/09/60', '1'),
(555, '01570104', '88', 200.00, 'de', '2017-09-10 18:41:05', '10/09/60', '1'),
(556, '01590141', '88', 520.00, 'de', '2017-09-10 18:41:32', '10/09/60', '1'),
(557, '01580119', '88', 500.00, 'de', '2017-09-10 18:41:56', '10/09/60', '1'),
(558, '01570105', '88', 200.00, 'de', '2017-06-11 18:53:45', '11/06/60', '1'),
(559, '01570105', '88', 200.00, 'de', '2017-09-10 18:54:07', '10/09/60', '1'),
(560, '04600099', '88', 5000.00, 'de', '2017-09-10 18:56:12', '10/09/60', '1'),
(561, '04570074', '88', 100000.00, 'de', '2017-09-10 19:32:48', '10/09/60', '1'),
(562, '04520021', '88', 1000.00, 'de', '2017-09-10 19:33:15', '10/09/60', '1'),
(563, '04510018', '88', 1000.00, 'de', '2017-09-10 19:38:55', '10/09/60', '1'),
(564, '04530029', '88', 20000.00, 'de', '2017-09-10 19:42:50', '10/09/60', '1'),
(565, '04550047', '88', -5000.00, 'wi', '2017-09-10 19:43:18', '10/09/60', '1'),
(566, '04570074', '88', 1129280.00, 'bl', '2017-01-01 19:43:37', '01/01/60', '1'),
(567, '-4570074', '88', 0.00, 'de', '2017-09-10 19:43:37', '10/09/60', '1'),
(568, '03600022', '88', -5000.00, 'wi', '2017-09-10 19:44:17', '10/09/60', '1'),
(569, '04510018', '88', 183.29, 'in', '2017-03-05 00:00:00', '05/03/60', ''),
(570, '04510018', '88', 206.75, 'in', '2017-04-02 00:00:00', '02/04/60', ''),
(571, '04510018', '88', 4000.00, 'de', '2017-05-14 00:00:00', '14/05/60', '1'),
(572, '03600022', '88', -3000.00, 'wi', '2017-06-11 00:00:00', '11/06/60', ''),
(573, '03600022', '88', 1000.00, 'de', '2017-03-05 00:00:00', '05/03/60', '1'),
(574, '03600022', '88', 1000.00, 'de', '2017-05-07 00:00:00', '07/05/60', '1'),
(575, '-1580138', '88', 100.00, 'de', '2008-03-14 00:14:38', '14/03/51', '1'),
(576, '-1500017', '88', 514.76, 'bl', '2008-03-14 00:15:41', '14/03/51', '1'),
(577, '-1500017', '88', 0.00, 'de', '2008-03-14 00:15:41', '14/03/51', '1'),
(578, '-1500017', '88', 200.00, 'de', '2008-03-14 00:15:58', '14/03/51', '1'),
(579, '01550094', '88', 102608.00, 'bl', '2008-03-14 00:17:18', '14/03/51', '1'),
(580, '01550094', '88', 0.00, 'de', '2008-03-14 00:17:18', '14/03/51', '1'),
(581, '01550094', '88', 10000.00, 'de', '2008-03-14 00:17:27', '14/03/51', '1'),
(582, '-1570110', '88', 500.00, 'de', '2008-03-14 00:19:47', '14/03/51', '1'),
(583, '-1580120', '88', 100.00, 'de', '0000-00-00 00:00:00', '7', '1'),
(584, '01580120', '88', 100.00, 'de', '2017-05-07 00:00:00', '07/05/60', '1'),
(585, '01580120', '88', 100.00, 'de', '2017-10-01 00:00:00', '01/10/60', '1'),
(586, '01580116', '88', 500.00, 'de', '2008-03-14 00:38:52', '14/03/51', '1'),
(587, '01580138', '88', 100.00, 'de', '2017-10-01 15:28:50', '01/10/60', '1'),
(588, '-4500011', '88', 103435.00, 'bl', '2017-01-01 00:00:00', '01/01/60', ''),
(589, '-4500011', '88', 69.22, 'in', '1957-03-05 00:00:00', '5//3//0', ''),
(590, '04500011', '88', 69.22, 'in', '2017-03-05 00:00:00', '05/03/60', ''),
(591, '04500011', '88', 116.82, 'in', '2017-04-02 00:00:00', '02/04/60', ''),
(592, '-4500011', '88', 103435.00, 'bl', '2017-01-01 00:00:00', '01/01/60', ''),
(593, '-4500011', '88', 103435.00, 'bl', '2017-01-01 00:00:00', '01/01/60', ''),
(594, '04500011', '88', 116.82, 'in', '2017-05-07 00:00:00', '07/05/60', ''),
(595, '04500011', '88', -3000.00, 'wi', '2017-08-13 00:00:00', '13/08/60', ''),
(596, '04500011', '88', -10000.00, 'wi', '2017-10-01 00:00:00', '01/10/60', ''),
(597, '-4500011', '88', -10000.00, 'wi', '2017-10-01 00:00:00', '01/10/60', ''),
(598, '-4500011', '88', -10000.00, 'wi', '2017-10-01 00:00:00', '01/10/60', ''),
(599, '-4500011', '88', -3000.00, 'wi', '2017-08-13 00:00:00', '13/08/60', ''),
(600, '-4500011', '88', 116.82, 'in', '2017-05-07 00:00:00', '07/05/60', ''),
(601, '-4500011', '88', 103435.00, 'bl', '2017-01-01 00:00:00', '01/01/60', ''),
(602, '01500017', '88', 514.76, 'bl', '2017-10-01 00:00:00', '01/10/60', ''),
(603, '01500017', '88', 200.00, 'de', '2017-10-01 00:00:00', '01/10/60', '1'),
(604, '-1500017', '88', 200.00, 'de', '2017-10-01 00:00:00', '01/10/60', '1'),
(605, '-1500017', '88', 514.76, 'bl', '2017-10-01 00:00:00', '01/10/60', ''),
(606, '-1500017', '88', 514.76, 'bl', '2017-10-01 00:00:00', '01/10/60', ''),
(607, '01500015', '88', 500.00, 'de', '2017-10-01 16:12:03', '01/10/60', '1'),
(608, '01500024', '88', 1000.00, 'de', '2017-02-15 00:00:00', '15/02/60', '1'),
(609, '-4500011', '88', 0.33, 'de', '2017-10-01 00:00:00', '01/10/60', '1'),
(610, '01500024', '88', 1000.00, 'de', '2017-04-09 00:00:00', '09/04/60', '1'),
(611, '-4500011', '88', 0.33, 'bl', '2017-10-01 00:00:00', '01/10/60', ''),
(612, '01500024', '88', 1000.00, 'de', '2017-05-14 00:00:00', '14/05/60', '1'),
(613, '01500024', '88', 1000.00, 'de', '2017-06-04 00:00:00', '04/06/60', '1'),
(614, '01500024', '88', 1000.00, 'de', '2017-10-01 00:00:00', '01/10/60', '1'),
(615, '-4500011', '88', 103436.00, 'de', '2017-01-01 00:00:00', '01/01/60', '1'),
(616, '04530036', '88', 500000.00, 'bl', '2017-01-01 00:00:00', '01/01/60', ''),
(617, '-4500011', '88', 103.00, 'de', '2017-10-01 00:00:00', '01/10/60', '1'),
(618, '-4500011', '88', 103435.00, 'de', '2017-10-01 00:00:00', '01/10/60', '1'),
(619, '04530036', '88', 20000.00, 'in', '2017-10-01 00:00:00', '01/10/60', ''),
(620, '-4500011', '88', 103435.00, 'de', '2017-10-01 00:00:00', '01/10/60', '1'),
(621, '04530036', '88', -20000.00, 'wi', '2017-10-01 00:00:00', '01/10/60', ''),
(622, '-4500011', '88', 103435.00, 'de', '2017-01-01 00:00:00', '01/01/60', '1'),
(623, '-4530036', '88', 20000.00, 'wi', '2017-10-01 00:00:00', '01/10/60', ''),
(624, '-4530036', '88', -20000.00, 'wi', '2017-10-01 00:00:00', '01/10/60', ''),
(625, '01540076', '88', 100.00, 'de', '2017-10-01 16:39:42', '01/10/60', '1'),
(626, '01600153', '88', 200.00, 'de', '2017-10-01 16:46:50', '01/10/60', '1'),
(627, '-1600153', '88', 500.00, 'de', '2017-06-11 00:00:00', '11/06/60', '1'),
(628, '01600153', '88', 500.00, 'de', '2017-06-11 00:00:00', '11/06/60', '1'),
(629, '01590148', '88', 300.00, 'de', '2017-10-01 16:50:19', '01/10/60', '1'),
(630, '01600151', '88', 100.00, 'de', '2017-10-01 16:52:19', '01/10/60', '1'),
(631, '01580129', '88', 60.00, 'de', '2017-10-01 16:53:22', '01/10/60', '1'),
(632, '01580129', '88', 60.00, 'de', '2017-04-02 00:00:00', '02/04/60', '1'),
(633, '01580129', '88', 60.00, 'de', '2017-05-07 00:00:00', '07/05/60', '1'),
(634, '01580130', '88', 300.00, 'de', '2017-10-01 16:58:08', '01/10/60', '1'),
(635, '01580130', '88', 300.00, 'de', '2017-08-06 00:00:00', '06/08/60', '1'),
(636, '02590075', '88', 1000.00, 'de', '2017-10-01 17:03:03', '01/10/60', '1'),
(637, '02500016', '88', 1000.00, 'de', '2017-10-01 17:03:24', '01/10/60', '1'),
(638, '02500016', '88', 14727.20, 'bl', '2017-01-01 00:00:00', '01/01/60', ''),
(639, '02530051', '88', 1000.00, 'de', '2017-10-01 17:06:33', '01/10/60', '1'),
(640, '02520038', '88', 1000.00, 'de', '2017-10-01 17:08:15', '01/10/60', '1'),
(641, '04560059', '88', 1000.00, 'de', '2017-10-01 17:09:41', '01/10/60', '1'),
(642, '04540040', '88', 1000.00, 'de', '2017-10-01 17:11:08', '01/10/60', '1'),
(643, '04580090', '88', 1000.00, 'de', '2017-10-01 17:11:30', '01/10/60', '1'),
(644, '04600101', '88', 1000.00, 'de', '2017-10-01 17:25:12', '01/10/60', '1'),
(645, '04530026', '88', -600.00, 'wi', '2017-10-01 17:25:51', '01/10/60', '1');
INSERT INTO `eventbank` (`num`, `bankid`, `workno`, `income`, `code`, `createdate`, `deptime`, `time`) VALUES
(646, '04600098', '88', 1000.00, 'de', '2017-10-01 17:27:24', '01/10/60', '1'),
(647, '04540037', '88', 1000.00, 'de', '2017-10-01 17:27:59', '01/10/60', '1'),
(648, '04560057', '88', 5000.00, 'de', '2017-10-01 17:32:46', '01/10/60', '1'),
(649, '01590141', '88', -2000.00, 'wi', '2017-10-01 18:12:19', '01/10/60', '1'),
(650, '-3550019', '88', 112469.00, 'bl', '2017-10-01 18:13:49', '01/10/60', '1'),
(651, '-3550019', '88', 0.00, 'de', '2017-10-01 18:13:49', '01/10/60', '1'),
(652, '03550019', '88', -5000.00, 'wi', '2017-10-01 18:13:58', '01/10/60', '1'),
(653, '-3550019', '88', 119385.00, 'bl', '2017-10-01 00:00:00', '01/10/60', ''),
(654, '-4560057', '88', 38887.80, 'bl', '2017-10-01 00:00:00', '01/10/60', ''),
(655, '-4560057', '88', 38887.80, 'bl', '1960-01-01 00:00:00', '01/01/03', ''),
(656, '-4560057', '88', 120.00, 'in', '2017-10-01 00:00:00', '01/10/60', ''),
(657, '-4560057', '88', 120.00, 'in', '2017-01-01 00:00:00', '01/01/60', ''),
(658, '-4560057', '88', 38887.80, 'bl', '2017-10-01 00:00:00', '01/10/60', ''),
(659, '04560057', '88', 38887.80, 'de', '2017-01-01 00:00:00', '01/01/60', '1'),
(660, '04560057', '88', 120.00, 'in', '2017-01-01 00:00:00', '01/01/60', ''),
(661, '-4560057', '88', 120.00, 'de', '2017-02-05 00:00:00', '05/02/60', '1'),
(662, '04560057', '88', 100.00, 'in', '2017-04-09 00:00:00', '09/04/60', ''),
(663, '04560057', '88', 120.00, 'in', '2017-02-05 00:00:00', '05/02/60', ''),
(664, '04560057', '88', 5000.00, 'de', '2017-08-06 00:00:00', '06/08/60', '1'),
(665, '04560057', '88', 41.60, 'in', '2017-08-06 00:00:00', '06/08/60', ''),
(666, '04560057', '88', 5000.00, 'de', '2017-09-03 00:00:00', '03/09/60', '1'),
(667, '04500011', '88', 103371.00, 'bl', '2017-01-01 00:00:00', '01/01/60', ''),
(668, '04500011', '88', 64.00, 'in', '2017-01-01 00:00:00', '01/01/60', ''),
(669, '-4500011', '88', 69.22, 'in', '2017-03-05 00:00:00', '05/03/60', ''),
(670, '04540037', '88', 1000.00, 'de', '2017-04-02 00:00:00', '02/04/60', '1'),
(671, '01500013', '88', 497.00, 'bl', '2017-01-01 00:00:00', '01/01/60', ''),
(672, '01500013', '88', 2000.00, 'de', '2017-04-02 00:00:00', '02/04/60', '1'),
(673, '01500013', '88', 60000.00, 'de', '2017-04-09 00:00:00', '09/04/60', '1'),
(674, '01500013', '88', -20000.00, 'wi', '2017-06-04 00:00:00', '04/06/60', ''),
(675, '01500013', '88', -10000.00, 'wi', '2017-07-02 00:00:00', '02/07/60', ''),
(676, '01500013', '88', 6000.00, 'de', '2017-09-03 00:00:00', '03/09/60', '1'),
(677, '01580138', '88', 2303.13, 'bl', '2017-01-01 00:00:00', '01/01/60', ''),
(678, '01580138', '88', 13.88, 'in', '2017-03-05 00:00:00', '05/03/60', ''),
(679, '-1580138', '88', 100.00, 'de', '2017-03-05 00:00:00', '05/03/60', '1'),
(680, '04600102', '88', 40000.00, 'de', '2017-10-08 17:59:02', '08/10/60', '1'),
(681, '04510018', '88', 1000.00, 'de', '2017-10-08 18:02:01', '08/10/60', '1'),
(682, '01590141', '88', 1560.00, 'de', '2017-10-08 18:10:06', '08/10/60', '1'),
(683, '01580119', '88', 700.00, 'de', '2017-10-08 18:10:52', '08/10/60', '1'),
(684, '01540076', '88', 71.66, 'in', '2017-03-05 00:00:00', '05/03/60', ''),
(685, '01540076', '88', 87.55, 'in', '2017-03-12 00:00:00', '12/03/60', ''),
(686, '-1510044', '88', 18635.20, 'bl', '2017-10-08 18:17:33', '08/10/60', '1'),
(687, '-1510044', '88', 0.00, 'de', '2017-10-08 18:17:33', '08/10/60', '1'),
(688, '-1510044', '88', 18635.20, 'de', '2017-01-01 00:00:00', '01/01/60', '1'),
(689, '01510044', '88', 18635.20, 'bl', '2016-12-31 00:00:00', '31/12/59', ''),
(690, '01510044', '88', 72.55, 'in', '2016-12-31 00:00:00', '31/12/59', ''),
(691, '04560060', '88', 1000.00, 'de', '2017-04-09 00:00:00', '09/04/60', '1'),
(692, '04560060', '88', 1000.00, 'de', '2017-05-14 00:00:00', '14/05/60', '1'),
(693, '04560060', '88', -35000.00, 'wi', '2017-10-08 18:26:00', '08/10/60', '1'),
(694, '04560061', '88', 1000.00, 'de', '2017-10-08 18:27:09', '08/10/60', '1'),
(695, '01510043', '88', 251352.00, 'de', '2017-01-01 00:00:00', '01/01/60', '1'),
(696, '01510043', '88', 2595.27, 'in', '2017-06-11 00:00:00', '11/06/60', ''),
(697, '01510043', '88', 17000.00, 'de', '2017-10-08 18:36:59', '08/10/60', '1'),
(698, '01510045', '88', 48669.00, 'bl', '2017-01-01 00:00:00', '01/01/60', ''),
(699, '01520056', '88', 65521.40, 'bl', '2017-01-01 00:00:00', '01/01/60', ''),
(700, '01520055', '88', 15650.90, 'bl', '2017-01-01 00:00:00', '01/01/60', ''),
(701, '-2500029', '88', 28574.50, 'bl', '2017-10-08 19:48:49', '08/10/60', '1'),
(702, '-2500029', '88', 0.00, 'de', '2017-10-08 19:48:49', '08/10/60', '1'),
(703, '02500029', '88', 28574.50, 'bl', '2017-01-01 00:00:00', '01/01/60', ''),
(704, '02500029', '88', 202.86, 'in', '2017-01-01 00:00:00', '01/01/60', ''),
(705, '02500029', '88', 157.02, 'in', '2017-02-05 00:00:00', '05/02/60', ''),
(706, '02500029', '88', 202.31, 'in', '2017-03-05 00:00:00', '05/03/60', ''),
(707, '02500029', '88', 209.08, 'in', '2017-04-02 00:00:00', '02/04/60', ''),
(708, '-2500029', '88', 158.62, 'de', '2017-05-07 00:00:00', '07/05/60', '1'),
(709, '-2500029', '88', 189.57, 'in', '2017-06-04 00:00:00', '04/06/60', ''),
(710, '02500029', '88', 207.73, 'in', '2017-07-02 00:00:00', '02/07/60', ''),
(711, '-2500029', '88', 159.62, 'in', '2017-10-08 00:00:00', '08/10/60', ''),
(712, '-2500029', '88', 202.31, 'in', '2017-10-08 00:00:00', '08/10/60', ''),
(713, '-2500029', '88', 225.52, 'in', '2017-10-01 00:00:00', '01/10/60', ''),
(714, '02500029', '88', 189.57, 'in', '2017-06-04 00:00:00', '04/06/60', ''),
(715, '02500029', '88', 158.62, 'in', '2017-05-07 00:00:00', '07/05/60', ''),
(716, '02500029', '88', 159.62, 'in', '2017-08-06 00:00:00', '06/08/60', ''),
(717, '02500029', '88', 202.31, 'in', '2017-09-03 00:00:00', '03/09/60', ''),
(718, '02500029', '88', 225.52, 'in', '2017-10-01 00:00:00', '01/10/60', ''),
(719, '01500024', '88', 1000.00, 'de', '2017-10-08 20:25:50', '08/10/60', '1'),
(720, '01580128', '88', 1000.00, 'de', '2017-10-08 20:27:41', '08/10/60', '1'),
(721, '01570105', '88', 200.00, 'de', '2017-10-08 20:28:45', '08/10/60', '1'),
(722, '01570104', '88', 200.00, 'de', '2017-10-08 20:29:18', '08/10/60', '1'),
(723, '-1510043', '88', 17000.00, 'de', '2017-10-08 20:30:18', '08/10/60', '1'),
(724, '02590074', '88', 4000.00, 'de', '2017-10-08 20:31:36', '08/10/60', '1'),
(725, '04580082', '88', 1500.00, 'de', '2017-10-08 20:34:14', '08/10/60', '1'),
(726, '04600099', '88', 2000.00, 'de', '2017-10-08 20:34:44', '08/10/60', '1'),
(727, '-4560060', '88', -35000.00, 'wi', '2017-10-08 20:35:54', '08/10/60', '1'),
(728, '01580128', '88', 12.37, 'in', '2017-05-07 00:00:00', '07/05/60', ''),
(729, '01580128', '88', 114.92, 'in', '2017-05-07 00:00:00', '07/05/60', ''),
(730, '-1580130', '88', 300.00, 'de', '2008-03-14 00:15:00', '14/03/51', '1'),
(731, '04600098', '88', 1000.00, 'de', '2008-03-14 00:19:56', '14/03/51', '1'),
(732, '01580132', '88', 500.00, 'de', '2016-06-12 00:00:00', '12/06/59', '1'),
(733, '01580132', '80', 500.00, 'de', '2017-11-05 00:00:00', '05/11/60', '1'),
(734, '01570110', '88', 600.00, 'de', '2017-04-02 00:00:00', '02/04/60', '1'),
(735, '-4500005', '88', 14281.90, 'bl', '2017-01-01 00:00:00', '01/01/60', ''),
(736, '04500005', '88', 288.32, 'in', '2017-03-05 00:00:00', '05/03/60', ''),
(737, '04500005', '88', 322.85, 'in', '2017-04-02 00:00:00', '02/04/60', ''),
(738, '04500005', '88', 14281.90, 'bl', '2017-01-01 00:00:00', '01/01/60', ''),
(739, '03550019', '88', 119385.00, 'bl', '2017-01-01 00:00:00', '01/01/60', ''),
(740, '03550019', '88', 972.99, 'in', '2017-01-01 00:00:00', '01/01/60', ''),
(741, '03550019', '88', 243.75, 'in', '2017-02-05 00:00:00', '05/02/60', ''),
(742, '03550019', '88', 628.82, 'in', '2017-06-04 00:00:00', '04/06/60', ''),
(743, '03550019', '88', 991.25, 'in', '1960-07-06 00:00:00', '06/07/03', ''),
(744, '03550019', '88', 247.27, 'in', '1960-08-03 00:00:00', '03/08/03', ''),
(745, '-1510046', '80', 595.44, 'bl', '2017-11-05 14:28:39', '05/11/60', '1'),
(746, '-1510046', '80', 0.00, 'de', '2017-11-05 14:28:39', '05/11/60', '1'),
(747, '01510046', '88', 595.44, 'bl', '2017-01-01 00:00:00', '01/01/60', ''),
(748, '01580138', '80', 100.00, 'de', '2017-11-05 14:32:12', '05/11/60', '1'),
(749, '01580131', '80', 300.00, 'de', '2017-11-05 14:32:44', '05/11/60', '1'),
(750, '01500015', '80', 20500.00, 'de', '2017-11-05 14:33:10', '05/11/60', '1'),
(751, '01530063', '80', 1000.00, 'de', '2017-11-05 14:34:18', '05/11/60', '1'),
(752, '01530063', '88', 1000.00, 'de', '2017-04-09 00:00:00', '09/04/60', '1'),
(753, '01530063', '88', 880.07, 'in', '2017-03-05 00:00:00', '05/03/60', ''),
(754, '01500003', '80', -4000.00, 'wi', '2017-11-05 14:46:01', '05/11/60', '1'),
(755, '01580116', '80', 500.00, 'de', '2017-11-05 14:46:37', '05/11/60', '1'),
(756, '01570110', '80', 1000.00, 'de', '2017-11-05 14:47:26', '05/11/60', '1'),
(757, '01570110', '88', 1500.00, 'de', '2017-07-02 00:00:00', '02/07/60', '1'),
(758, '01570110', '88', 1000.00, 'de', '2017-08-06 00:00:00', '06/08/60', '1'),
(759, '01570110', '88', 500.00, 'de', '2017-09-03 00:00:00', '03/09/60', '1'),
(760, '01570110', '88', 500.00, 'de', '2017-10-01 00:00:00', '01/10/60', '1'),
(761, '01580120', '80', 100.00, 'de', '2017-11-05 14:56:26', '05/11/60', '1'),
(762, '01580128', '80', 1000.00, 'de', '2017-11-05 15:00:05', '05/11/60', '1'),
(763, '02500016', '80', 1000.00, 'de', '2017-11-05 15:01:31', '05/11/60', '1'),
(764, '01500017', '80', 300.00, 'de', '2017-11-05 15:02:11', '05/11/60', '1'),
(765, '04580090', '80', 1000.00, 'de', '2017-11-05 15:02:37', '05/11/60', '1'),
(766, '01540076', '80', 100.00, 'de', '2017-11-05 15:04:37', '05/11/60', '1'),
(767, '-1540076', '80', 100.00, 'de', '2017-11-05 15:04:50', '05/11/60', '1'),
(768, '04530026', '88', 1000000.00, 'bl', '2017-01-01 00:00:00', '01/01/60', ''),
(769, '04530026', '88', 5160.00, 'in', '2017-03-05 00:00:00', '05/03/60', ''),
(770, '04530026', '88', 8000.00, 'in', '2017-04-02 00:00:00', '02/04/60', ''),
(771, '04530026', '88', 8000.00, 'in', '2017-05-07 00:00:00', '07/05/60', ''),
(772, '04530026', '88', 4000.00, 'in', '2017-07-02 00:00:00', '02/07/60', ''),
(773, '04530026', '80', 320.00, 'in', '2017-07-02 00:00:00', '02/07/60', ''),
(774, '04530026', '80', 800.00, 'in', '2017-08-06 00:00:00', '06/08/60', ''),
(775, '04530026', '80', 12880.00, 'in', '2017-09-03 00:00:00', '03/09/60', ''),
(776, '04530026', '80', 600.00, 'in', '2017-10-01 00:00:00', '01/10/60', ''),
(777, '04530026', '80', 400.00, 'in', '2017-11-05 00:00:00', '05/11/60', ''),
(778, '04530026', '80', -400.00, 'wi', '2017-11-05 00:00:00', '05/11/60', ''),
(779, '-2550064', '80', 150000.00, 'bl', '2017-01-01 00:00:00', '01/01/60', ''),
(780, '02550064', '80', 152000.00, 'bl', '2017-11-05 00:00:00', '05/11/60', ''),
(781, '02550064', '80', 31694.20, 'in', '2017-11-05 00:00:00', '05/11/60', ''),
(782, '02550064', '80', -183694.00, 'wi', '2017-11-05 00:00:00', '05/11/60', ''),
(783, '04540040', '80', 1000.00, 'de', '2017-11-05 15:34:31', '05/11/60', '1'),
(784, '01510046', '80', 30000.00, 'de', '2017-11-05 15:35:07', '05/11/60', '1'),
(785, '02590075', '80', 2000.00, 'de', '2017-11-05 15:39:02', '05/11/60', '1'),
(786, '01500024', '80', 1000.00, 'de', '2017-11-05 15:42:31', '05/11/60', '1'),
(787, '04600103', '80', 130000.00, 'de', '2017-11-05 15:46:50', '05/11/60', '1'),
(788, '01600163', '80', 15000.00, 'de', '2017-11-05 15:51:28', '05/11/60', '1'),
(789, '-2500013', '80', 100.00, 'bl', '2017-11-05 15:53:01', '05/11/60', '1'),
(790, '-2500013', '80', 0.00, 'de', '2017-11-05 15:53:01', '05/11/60', '1'),
(791, '02500013', '80', 100.00, 'bl', '2017-01-01 00:00:00', '01/01/60', ''),
(792, '02500013', '80', -100.00, 'wi', '2017-11-05 00:00:00', '05/11/60', ''),
(793, '01590141', '80', 960.00, 'de', '2017-11-05 16:00:53', '05/11/60', '1'),
(794, '04550053', '80', -1000.00, 'wi', '2017-11-05 16:22:42', '05/11/60', '1'),
(795, '04560057', '80', 5000.00, 'de', '2017-11-05 16:25:03', '05/11/60', '1'),
(796, '01600151', '80', 400.00, 'de', '2017-11-05 16:36:03', '05/11/60', '1'),
(797, '04580082', '80', 1500.00, 'de', '2017-11-05 16:37:39', '05/11/60', '1'),
(798, '04580082', '80', 585.51, 'in', '2016-02-07 00:00:00', '07/02/59', ''),
(799, '04580082', '80', 64.00, 'in', '2016-03-06 00:00:00', '06/03/59', ''),
(800, '04580082', '80', 20.00, 'in', '2016-03-06 00:00:00', '06/03/59', ''),
(801, '04580082', '80', 80.00, 'in', '2016-04-03 00:00:00', '03/04/59', ''),
(802, '04580082', '80', 142.00, 'in', '2017-05-07 00:00:00', '07/05/60', ''),
(803, '04580082', '80', 60.00, 'in', '2016-07-03 00:00:00', '03/07/59', ''),
(804, '04580082', '80', 180.00, 'in', '2016-08-07 00:00:00', '07/08/59', ''),
(805, '04580082', '80', 140.00, 'in', '2016-09-04 00:00:00', '04/09/59', ''),
(806, '04580082', '80', 64.00, 'in', '2016-10-02 00:00:00', '02/10/59', ''),
(807, '04580082', '80', 120.00, 'in', '2016-11-06 00:00:00', '06/11/59', ''),
(808, '04580082', '80', 40.00, 'in', '2016-12-04 00:00:00', '04/12/59', ''),
(809, '04580082', '80', 80.00, 'in', '2017-01-01 00:00:00', '01/01/60', ''),
(810, '04580082', '80', 377.95, 'in', '2017-02-05 00:00:00', '05/02/60', ''),
(811, '04580082', '80', 54067.80, 'bl', '2017-01-01 00:00:00', '01/01/60', ''),
(812, '04550047', '80', -400.00, 'wi', '2017-11-05 16:55:16', '05/11/60', '1'),
(813, '01590148', '80', -9000.00, 'wi', '2017-11-05 16:56:24', '05/11/60', '1'),
(814, '03550017', '80', 90890.00, 'bl', '2017-01-01 00:00:00', '01/01/60', ''),
(815, '03550017', '80', 10000.00, 'de', '2017-11-05 17:19:30', '05/11/60', '1'),
(816, '01580129', '80', 60.00, 'de', '2017-11-05 18:22:15', '05/11/60', '1'),
(817, '04550049', '80', -130000.00, 'wi', '2017-11-05 18:23:18', '05/11/60', '1'),
(818, '04560061', '80', -10000.00, 'wi', '2017-11-05 18:23:45', '05/11/60', '1'),
(819, '04560060', '80', -10000.00, 'wi', '2017-11-05 18:24:09', '05/11/60', '1'),
(820, '04570070', '80', -250000.00, 'wi', '2017-11-05 18:41:11', '05/11/60', '1'),
(821, '02530051', '80', 1000.00, 'de', '2017-11-05 19:30:25', '05/11/60', '1'),
(822, '04600098', '80', 1000.00, 'de', '2017-11-05 19:33:29', '05/11/60', '1'),
(823, '04540037', '80', 1000.00, 'de', '2017-11-05 19:36:06', '05/11/60', '1'),
(824, '01500024', '80', 1000.00, 'de', '2017-11-12 20:08:44', '12/11/60', '1'),
(825, '01510043', '80', 15245.00, 'de', '2017-11-12 20:09:09', '12/11/60', '1'),
(826, '01580119', '80', 400.00, 'de', '2017-11-12 20:09:37', '12/11/60', '1'),
(827, '-1600162', '80', 500.00, 'de', '2017-11-12 20:16:12', '12/11/60', '1'),
(828, '01600162', '80', 200.00, 'de', '2017-11-12 20:16:38', '12/11/60', '1'),
(829, '01600162', '80', 500.00, 'de', '2017-11-05 00:00:00', '05/11/60', '1'),
(830, '01550094', '80', 10000.00, 'de', '2017-11-12 20:17:52', '12/11/60', '1'),
(831, '01570110', '80', -9000.00, 'wi', '2017-11-12 20:18:16', '12/11/60', '1'),
(832, '01550093', '80', -5000.00, 'wi', '2017-11-12 20:18:37', '12/11/60', '1'),
(833, '02510032', '80', 210000.00, 'de', '2017-11-12 20:19:04', '12/11/60', '1'),
(834, '-2500012', '80', -12000.00, 'wi', '2017-11-12 20:19:26', '12/11/60', '1'),
(835, '02530045', '80', 497.00, 'bl', '2017-01-01 00:00:00', '01/01/60', ''),
(836, '02530045', '80', 60000.00, 'de', '2017-04-09 00:00:00', '09/04/60', '1'),
(837, '02530045', '80', -10000.00, 'wi', '2017-07-02 00:00:00', '02/07/60', ''),
(838, '02530045', '80', 367.50, 'in', '2017-07-02 00:00:00', '02/07/60', ''),
(839, '02530045', '80', 283.22, 'in', '2017-10-01 00:00:00', '01/10/60', ''),
(840, '02530045', '80', -3000.00, 'wi', '2017-11-12 00:00:00', '12/11/60', ''),
(841, '03540012', '80', 6024.00, 'de', '2017-11-12 20:26:40', '12/11/60', '1'),
(842, '04600102', '80', 500.00, 'de', '2017-11-12 20:27:25', '12/11/60', '1'),
(843, '04600099', '80', 2000.00, 'de', '2017-11-12 20:27:54', '12/11/60', '1'),
(844, '04510018', '80', 1000.00, 'de', '2017-11-12 20:28:22', '12/11/60', '1'),
(845, '04560061', '80', 10000.00, 'de', '2017-11-12 20:28:43', '12/11/60', '1'),
(846, '04560060', '80', 11000.00, 'de', '2017-11-12 20:29:06', '12/11/60', '1'),
(847, '04560059', '80', 1000.00, 'de', '2017-11-12 20:29:26', '12/11/60', '1'),
(848, '04500012', '80', -208000.00, 'wi', '2017-11-12 20:29:53', '12/11/60', '1'),
(849, '01500017', '80', 200.00, 'de', '2017-12-03 14:01:50', '03/12/60', '1'),
(850, '01500015', '80', 500.00, 'de', '2017-12-03 14:02:24', '03/12/60', '1'),
(851, '01500015', '80', 500.00, 'de', '2017-06-04 00:00:00', '04/06/60', '1'),
(852, '01580138', '80', 100.00, 'de', '2017-12-03 14:04:27', '03/12/60', '1'),
(853, '01540076', '80', 100.00, 'de', '2017-12-03 14:04:53', '03/12/60', '1'),
(854, '01530063', '80', 1000.00, 'de', '2017-12-03 14:05:38', '03/12/60', '1'),
(855, '02530051', '80', 1000.00, 'de', '2017-12-03 14:06:01', '03/12/60', '1'),
(856, '04540037', '80', 1000.00, 'de', '2017-12-03 14:06:37', '03/12/60', '1'),
(857, '04540037', '80', 1000.00, 'de', '2017-08-06 00:00:00', '06/08/60', '1'),
(858, '04550049', '80', 5000.00, 'de', '2017-12-03 14:09:55', '03/12/60', '1'),
(859, '04600101', '80', 3000.00, 'de', '2017-12-03 14:10:27', '03/12/60', '1'),
(860, '04560059', '80', 1000.00, 'de', '2017-12-03 14:10:48', '03/12/60', '1'),
(861, '01580128', '80', 1500.00, 'de', '2017-12-03 14:12:54', '03/12/60', '1'),
(862, '01580116', '80', 500.00, 'de', '2017-12-03 14:13:23', '03/12/60', '1'),
(863, '01580116', '80', 500.00, 'de', '2017-08-06 00:00:00', '06/08/60', '1'),
(864, '01580120', '80', 100.00, 'de', '2017-12-03 14:18:28', '03/12/60', '1'),
(865, '04580088', '80', 20000.00, 'de', '2017-12-03 14:19:42', '03/12/60', '1'),
(866, '04540040', '80', 1000.00, 'de', '2017-12-03 14:20:11', '03/12/60', '1'),
(867, '01600164', '80', 100.00, 'de', '2017-12-03 15:13:32', '03/12/60', '1'),
(868, '01600164', '80', 500.00, 'de', '2017-11-05 00:00:00', '05/11/60', '1'),
(869, '04520021', '80', 1000.00, 'de', '2017-12-03 15:17:52', '03/12/60', '1'),
(870, '01600151', '80', 100.00, 'de', '2017-12-03 15:34:37', '03/12/60', '1'),
(871, '04580090', '80', 1000.00, 'de', '2017-12-03 15:35:30', '03/12/60', '1'),
(872, '04560060', '80', 1000.00, 'de', '2017-12-03 15:36:22', '03/12/60', '1'),
(873, '04560061', '80', 1000.00, 'de', '2017-12-03 15:37:16', '03/12/60', '1'),
(874, '02590075', '80', 1000.00, 'de', '2017-12-03 15:37:52', '03/12/60', '1'),
(875, '-4520021', '80', 1000.00, 'de', '2017-12-03 15:38:26', '03/12/60', '1'),
(876, '04580086', '80', -320.00, 'wi', '2017-12-03 15:40:23', '03/12/60', '1'),
(877, '01580130', '80', 300.00, 'de', '2017-12-03 15:42:11', '03/12/60', '1'),
(878, '01580130', '80', 300.00, 'de', '2017-11-05 00:00:00', '05/11/60', '1'),
(879, '04560057', '80', 5000.00, 'de', '2017-12-03 15:51:08', '03/12/60', '1'),
(880, '01500024', '80', 1000.00, 'de', '2017-12-03 15:52:11', '03/12/60', '1'),
(881, '01570110', '80', 1300.00, 'de', '2017-12-03 16:01:03', '03/12/60', '1'),
(882, '02510034', '80', 132356.00, 'bl', '2017-01-01 00:00:00', '01/01/60', ''),
(883, '02510034', '80', 6000.00, 'de', '2017-12-03 00:00:00', '03/12/60', '1'),
(884, '02510034', '81', -32000.00, 'wi', '2017-05-07 00:00:00', '07/05/60', ''),
(885, '-2510034', '81', -32000.00, 'wi', '2017-05-07 00:00:00', '07/05/60', ''),
(886, '01590148', '80', 100.00, 'de', '2017-12-03 16:37:09', '03/12/60', '1'),
(887, '-1580132', '81', 1500.00, 'de', '2017-12-03 16:42:54', '03/12/60', '1'),
(888, '01580132', '81', 500.00, 'de', '2017-12-03 00:00:00', '03/12/60', '1'),
(889, '04600098', '81', 1000.00, 'de', '2017-12-03 16:45:49', '03/12/60', '1'),
(890, '01580129', '81', 60.00, 'de', '2017-12-03 16:53:07', '03/12/60', '1'),
(891, '04600102', '81', -40000.00, 'wi', '2017-12-03 17:24:31', '03/12/60', '1'),
(892, '02530045', '81', -33000.00, 'wi', '2017-12-03 17:25:11', '03/12/60', '1'),
(893, '02550058', '81', 892.69, 'in', '2016-07-03 00:00:00', '03/07/59', ''),
(894, '02550058', '81', 223.95, 'in', '2017-07-02 00:00:00', '02/07/60', ''),
(895, '02550058', '81', 234.66, 'in', '2017-10-01 00:00:00', '01/10/60', ''),
(896, '02550058', '81', -9857.28, 'wi', '2017-12-03 00:00:00', '03/12/60', ''),
(897, '01520055', '81', 4155.69, 'de', '2017-12-03 17:35:56', '03/12/60', '1'),
(898, '01510045', '81', 8311.38, 'de', '2017-12-03 17:37:00', '03/12/60', '1'),
(899, '01510044', '81', 24934.10, 'de', '2017-12-03 18:19:41', '03/12/60', '1'),
(900, '-1510043', '81', -123373.00, 'wi', '2017-12-03 18:20:43', '03/12/60', '1'),
(901, '01520056', '81', 40259.00, 'de', '2017-12-03 18:22:28', '03/12/60', '1'),
(902, '-2500012', '81', 5000.00, 'de', '2017-12-03 18:33:40', '03/12/60', '1'),
(903, '02540053', '81', 9857.28, 'de', '2017-12-03 18:37:15', '03/12/60', '1'),
(904, '01590141', '81', 1100.00, 'de', '2017-12-03 18:38:50', '03/12/60', '1'),
(905, '01600162', '81', 200.00, 'de', '2017-12-03 18:39:13', '03/12/60', '1'),
(906, '01580119', '81', 400.00, 'de', '2017-12-03 18:39:34', '03/12/60', '1'),
(907, '01550093', '81', -30000.00, 'wi', '2017-12-03 18:41:19', '03/12/60', '1'),
(908, '04510018', '80', -50000.00, 'wi', '2017-12-03 00:00:00', '03/12/60', ''),
(909, '01570104', '80', 200.00, 'de', '2017-12-10 19:25:14', '10/12/60', '1'),
(910, '01570105', '80', 200.00, 'de', '2017-12-10 19:25:29', '10/12/60', '1'),
(911, '01500024', '80', 1000.00, 'de', '2017-12-10 19:25:45', '10/12/60', '1'),
(912, '02590074', '80', 2000.00, 'de', '2017-12-10 19:26:08', '10/12/60', '1'),
(913, '02530046', '80', -10000.00, 'wi', '2017-12-10 19:26:42', '10/12/60', '1'),
(914, '04510018', '80', 2000.00, 'de', '2017-12-10 19:27:38', '10/12/60', '1'),
(915, '04580082', '80', 1000.00, 'de', '2017-12-10 19:27:56', '10/12/60', '1'),
(916, '04580088', '80', 20000.00, 'de', '2017-12-10 19:30:52', '10/12/60', '1'),
(917, '-4580088', '80', 400.00, 'in', '2017-06-04 00:00:00', '04/06/60', ''),
(918, '04580088', '80', 616.00, 'in', '2017-06-04 00:00:00', '04/06/60', ''),
(919, '04580088', '80', 400.00, 'in', '2016-06-05 00:00:00', '05/06/59', ''),
(920, '04580088', '80', 120.00, 'in', '2017-08-13 00:00:00', '13/08/60', ''),
(921, '-4530029', '80', 200000.00, 'de', '2017-12-10 19:36:32', '10/12/60', '1'),
(922, '04530029', '80', -200000.00, 'wi', '2017-12-10 00:00:00', '10/12/60', ''),
(923, '04590093', '80', -5000.00, 'wi', '2017-12-10 19:38:00', '10/12/60', '1'),
(924, '04590093', '80', 55000.00, 'bl', '2017-01-01 00:00:00', '01/01/60', ''),
(925, '04590093', '80', 200.00, 'in', '2017-01-08 00:00:00', '08/01/60', ''),
(926, '04590093', '80', 1920.00, 'in', '2017-02-12 00:00:00', '12/02/60', ''),
(927, '04590093', '80', 1000.00, 'de', '2017-04-09 00:00:00', '09/04/60', '1'),
(928, '04590093', '80', 80.00, 'in', '2017-05-07 00:00:00', '07/05/60', ''),
(929, '01580130', '80', 300.00, 'de', '2018-01-07 13:48:38', '07/01/61', '1'),
(930, '01570110', '80', 1500.00, 'de', '2018-01-07 13:49:17', '07/01/61', '1'),
(931, '01580135', '80', 300.00, 'de', '2018-01-07 13:49:44', '07/01/61', '1'),
(932, '01580128', '80', 500.00, 'de', '2018-01-07 13:50:35', '07/01/61', '1'),
(933, '01500001', '80', 100.00, 'de', '2018-01-07 13:51:04', '07/01/61', '1'),
(934, '01600160', '80', 100.00, 'de', '2018-01-07 13:51:31', '07/01/61', '1'),
(935, '01500002', '80', 100.00, 'de', '2018-01-07 13:52:08', '07/01/61', '1'),
(936, '-1500002', '80', 100.00, 'de', '2017-12-03 00:00:00', '03/12/60', '1'),
(937, '01500002', '80', 100.00, 'de', '2017-09-03 00:00:00', '03/09/60', '1'),
(938, '01600151', '80', 200.00, 'de', '2018-01-07 14:10:53', '07/01/61', '1'),
(939, '01580132', '80', 500.00, 'de', '2018-01-07 14:11:26', '07/01/61', '1'),
(940, '02530045', '80', 8000.00, 'de', '2018-01-07 14:12:42', '07/01/61', '1'),
(941, '04600098', '80', 1000.00, 'de', '2018-01-07 14:13:05', '07/01/61', '1'),
(942, '04600101', '80', 1000.00, 'de', '2018-01-07 14:13:23', '07/01/61', '1'),
(943, '04580088', '80', 36000.00, 'de', '2018-01-07 14:13:44', '07/01/61', '1'),
(944, '04560059', '80', 3000.00, 'de', '2018-01-07 14:14:06', '07/01/61', '1'),
(945, '01600164', '80', 100.00, 'de', '2018-01-07 14:48:31', '07/01/61', '1'),
(946, '01580120', '80', 100.00, 'de', '2018-01-07 14:55:26', '07/01/61', '1'),
(947, '01580138', '80', 100.00, 'de', '2018-01-07 15:08:08', '07/01/61', '1'),
(948, '01540076', '80', 100.00, 'de', '2018-01-07 15:08:35', '07/01/61', '1'),
(949, '01580116', '80', 500.00, 'de', '2018-01-07 15:10:50', '07/01/61', '1'),
(950, '04580082', '80', 1000.00, 'de', '2018-01-07 15:17:39', '07/01/61', '1'),
(951, '01500024', '80', 1000.00, 'de', '2018-01-07 15:24:56', '07/01/61', '1'),
(952, '01580129', '80', 60.00, 'de', '2018-01-07 15:25:26', '07/01/61', '1'),
(953, '01590141', '80', 1078.00, 'de', '2018-01-07 15:33:33', '07/01/61', '1'),
(954, '02530051', '80', 1000.00, 'de', '2018-01-07 15:36:06', '07/01/61', '1'),
(955, '04540037', '80', 1000.00, 'de', '2018-01-07 15:36:31', '07/01/61', '1'),
(956, '04560061', '80', -10000.00, 'wi', '2018-01-07 15:44:33', '07/01/61', '1'),
(957, '04560060', '80', -10000.00, 'wi', '2018-01-07 15:45:06', '07/01/61', '1'),
(958, '02590075', '80', 1000.00, 'de', '2018-01-07 16:01:29', '07/01/61', '1'),
(959, '01500015', '80', 500.00, 'de', '2018-01-07 16:26:45', '07/01/61', '1'),
(960, '02530046', '80', -10000.00, 'wi', '2018-01-07 16:35:05', '07/01/61', '1'),
(961, '02500016', '80', 1000.00, 'de', '2018-01-07 16:35:51', '07/01/61', '1'),
(962, '04530031', '80', 60000.00, 'de', '2018-01-07 16:40:44', '07/01/61', '1'),
(963, '04530031', '80', 42688.00, 'bl', '2016-06-05 00:00:00', '05/06/59', ''),
(964, '04530032', '80', 50000.00, 'bl', '2016-09-04 00:00:00', '04/09/59', ''),
(965, '04580090', '80', 1000.00, 'de', '2018-01-07 16:45:05', '07/01/61', '1'),
(966, '04540039', '80', 7600.00, 'bl', '2017-01-01 00:00:00', '01/01/60', ''),
(967, '04540039', '80', -7000.00, 'wi', '2018-01-07 00:00:00', '07/01/61', ''),
(968, '04530030', '80', 11350.00, 'bl', '2017-01-01 00:00:00', '01/01/60', ''),
(969, '04530030', '80', -10000.00, 'wi', '2018-01-07 00:00:00', '07/01/61', ''),
(970, '01550093', '80', -15000.00, 'wi', '2018-01-07 16:49:16', '07/01/61', '1'),
(971, '01590148', '80', 200.00, 'de', '2018-01-07 16:57:47', '07/01/61', '1'),
(972, '01610166', '80', 200.00, 'de', '2018-01-07 17:02:39', '07/01/61', '1'),
(973, '04600099', '80', 4000.00, 'de', '2018-01-07 17:03:32', '07/01/61', '1'),
(974, '01600150', '80', 200.00, 'de', '2018-01-07 17:04:50', '07/01/61', '1'),
(975, '01500017', '80', 200.00, 'de', '2018-01-07 17:07:48', '07/01/61', '1'),
(976, '04570074', '80', 200000.00, 'de', '2018-01-07 17:13:57', '07/01/61', '1'),
(977, '01520048', '80', 1000.00, 'de', '2018-01-07 17:19:07', '07/01/61', '1'),
(978, '01500024', '80', 1000.00, 'de', '2018-01-14 18:07:13', '14/01/61', '1'),
(979, '-2500012', '80', 112020.00, 'bl', '2017-11-12 00:00:00', '12/11/60', ''),
(980, '02500012', '80', -12000.00, 'wi', '2017-11-12 00:00:00', '12/11/60', ''),
(981, '-2500012', '80', 112020.00, 'bl', '2017-11-12 00:00:00', '12/11/60', ''),
(982, '02500012', '80', 5000.00, 'de', '2017-12-03 00:00:00', '03/12/60', '1'),
(983, '02500012', '80', 2500.00, 'de', '2018-01-14 00:00:00', '14/01/61', '1'),
(984, '01600162', '80', 500.00, 'de', '2018-01-14 18:18:01', '14/01/61', '1'),
(985, '01580119', '80', 400.00, 'de', '2018-01-14 18:18:41', '14/01/61', '1'),
(986, '04540040', '80', 1000.00, 'de', '2018-01-14 18:19:23', '14/01/61', '1'),
(987, '04510018', '80', 2000.00, 'de', '2018-01-14 18:19:40', '14/01/61', '1'),
(988, '04510018', '80', 1000.00, 'de', '2017-04-09 00:00:00', '09/04/60', '1'),
(989, '04510018', '80', 204.97, 'in', '2017-05-14 00:00:00', '14/05/60', ''),
(990, '04510018', '80', 204.97, 'in', '2017-06-11 00:00:00', '11/06/60', ''),
(991, '04510018', '80', 204.97, 'in', '2017-07-09 00:00:00', '09/07/60', ''),
(992, '04510018', '80', 204.97, 'in', '2017-08-13 00:00:00', '13/08/60', ''),
(993, '04510018', '80', 315.80, 'in', '2017-09-10 00:00:00', '10/09/60', ''),
(994, '04510018', '80', 386.44, 'in', '2017-10-08 00:00:00', '08/10/60', ''),
(995, '04510018', '80', 266.57, 'in', '2017-11-12 00:00:00', '12/11/60', ''),
(996, '04510018', '80', 264.13, 'in', '2017-12-03 00:00:00', '03/12/60', ''),
(997, '04550049', '80', 10000.00, 'de', '2018-01-14 18:31:45', '14/01/61', '1'),
(998, '01600163', '80', 20000.00, 'de', '2018-01-14 18:32:15', '14/01/61', '1'),
(999, '03550015', '80', 20000.00, 'bl', '2017-01-01 00:00:00', '01/01/60', ''),
(1000, '03550015', '80', -5700.00, 'wi', '2018-01-14 00:00:00', '14/01/61', ''),
(1001, '02600076', '80', -2625.00, 'wi', '2018-01-14 20:11:34', '14/01/61', '1'),
(1002, '02600076', '80', 2625.00, 'in', '2018-01-07 00:00:00', '07/01/61', ''),
(1003, '01580116', '80', 500.00, 'de', '2018-02-04 13:25:29', '04/02/61', '1'),
(1004, '01540076', '80', 100.00, 'de', '2018-02-04 13:33:31', '04/02/61', '1'),
(1005, '01580138', '80', 100.00, 'de', '2018-02-04 13:35:45', '04/02/61', '1'),
(1006, '01590141', '80', 600.00, 'de', '2018-02-04 13:40:27', '04/02/61', '1'),
(1007, '04580082', '80', 1500.00, 'de', '2018-02-04 13:44:22', '04/02/61', '1'),
(1008, '01530067', '80', 2000.00, 'bl', '2017-01-01 00:00:00', '01/01/60', ''),
(1009, '01500024', '80', 1000.00, 'de', '2018-02-04 13:52:11', '04/02/61', '1'),
(1010, '01510046', '80', -20000.00, 'wi', '2018-02-04 13:56:42', '04/02/61', '1'),
(1011, '01600164', '80', 100.00, 'de', '2018-02-04 14:01:56', '04/02/61', '1'),
(1012, '01580128', '80', 1500.00, 'de', '2018-02-04 14:10:30', '04/02/61', '1'),
(1013, '01600162', '80', 200.00, 'de', '2018-02-04 14:40:01', '04/02/61', '1'),
(1014, '01580119', '80', 400.00, 'de', '2018-02-04 14:40:56', '04/02/61', '1'),
(1015, '01580120', '80', 100.00, 'de', '2018-02-04 14:59:42', '04/02/61', '1'),
(1016, '04540040', '80', 1000.00, 'de', '2018-02-04 15:28:44', '04/02/61', '1'),
(1017, '01500015', '80', 1000.00, 'de', '2018-02-04 15:46:49', '04/02/61', '1'),
(1018, '01600151', '80', 100.00, 'de', '2018-02-04 15:48:50', '04/02/61', '1'),
(1019, '01520047', '80', 27.00, 'bl', '2018-01-07 00:00:00', '07/01/61', ''),
(1020, '-1520047', '80', 1526.00, 'de', '2018-02-04 15:58:02', '04/02/61', '1'),
(1021, '02590075', '80', 1000.00, 'de', '2018-02-04 16:00:40', '04/02/61', '1'),
(1022, '02590075', '80', 175.00, 'in', '2016-11-06 00:00:00', '06/11/59', ''),
(1023, '02590075', '80', 13.13, 'in', '2016-12-04 00:00:00', '04/12/59', ''),
(1024, '02590075', '80', 8.75, 'in', '2017-01-01 00:00:00', '01/01/60', ''),
(1025, '02590075', '80', 8.75, 'in', '2017-02-05 00:00:00', '05/02/60', ''),
(1026, '02590075', '80', 185.28, 'in', '2017-03-05 00:00:00', '05/03/60', ''),
(1027, '02590075', '80', 21.99, 'in', '2017-04-02 00:00:00', '02/04/60', ''),
(1028, '02590075', '80', 17.58, 'in', '2018-02-04 00:00:00', '04/02/61', ''),
(1029, '02590075', '80', 208.78, 'in', '2017-06-04 00:00:00', '04/06/60', ''),
(1030, '02590075', '80', 39.68, 'in', '2017-07-02 00:00:00', '02/07/60', ''),
(1031, '02590075', '80', 35.24, 'in', '2017-08-06 00:00:00', '06/08/60', ''),
(1032, '02590075', '80', 219.36, 'in', '2017-09-03 00:00:00', '03/09/60', ''),
(1033, '02590075', '80', 48.59, 'in', '2017-10-01 00:00:00', '01/10/60', ''),
(1034, '02590075', '80', 33.55, 'in', '2017-11-05 00:00:00', '05/11/60', ''),
(1035, '02590075', '80', 230.00, 'in', '2018-02-04 00:00:00', '04/02/61', ''),
(1036, '04600098', '80', 1000.00, 'de', '2018-02-04 16:12:23', '04/02/61', '1'),
(1037, '01550093', '80', -12000.00, 'wi', '2018-02-04 16:12:40', '04/02/61', '1'),
(1038, '01580129', '80', 60.00, 'de', '2018-02-04 16:14:02', '04/02/61', '1'),
(1039, '02540053', '80', 1000.00, 'de', '2018-02-04 16:16:37', '04/02/61', '1'),
(1040, '01610167', '80', 4500.00, 'de', '2018-02-04 16:23:26', '04/02/61', '1'),
(1041, '-1590144', '80', 1590140.00, 'de', '2018-02-04 16:36:19', '04/02/61', '1'),
(1042, '04580090', '80', 1000.00, 'de', '2018-02-04 16:38:31', '04/02/61', '1'),
(1043, '04580090', '80', 40.00, 'in', '2016-09-04 00:00:00', '04/09/59', ''),
(1044, '04580090', '80', 40.00, 'in', '2016-10-02 00:00:00', '02/10/59', ''),
(1045, '04580090', '80', 40.00, 'in', '2016-11-06 00:00:00', '06/11/59', ''),
(1046, '04580090', '80', 40.00, 'in', '2017-01-01 00:00:00', '01/01/60', ''),
(1047, '04580090', '80', 40.00, 'in', '2017-02-05 00:00:00', '05/02/60', ''),
(1048, '04530024', '80', 2000.00, 'de', '2018-02-04 16:43:08', '04/02/61', '1'),
(1049, '01600165', '80', 500.00, 'bl', '2017-12-03 00:00:00', '03/12/60', ''),
(1050, '01600165', '80', 100.00, 'de', '2018-02-04 00:00:00', '04/02/61', '1'),
(1051, '01520048', '80', 300.00, 'de', '2018-02-04 17:12:01', '04/02/61', '1'),
(1052, '01610168', '80', 5350.00, 'de', '2018-02-04 18:19:38', '04/02/61', '1'),
(1053, '01600150', '80', 200.00, 'de', '2018-02-04 18:20:23', '04/02/61', '1'),
(1054, '02530051', '80', 1000.00, 'de', '2018-02-04 18:20:43', '04/02/61', '1'),
(1055, '-3540012', '80', 33424.00, 'de', '2018-02-04 18:21:09', '04/02/61', '1'),
(1056, '04540037', '80', 1000.00, 'de', '2018-02-04 18:21:40', '04/02/61', '1'),
(1057, '04600099', '80', 2000.00, 'de', '2018-02-04 18:22:09', '04/02/61', '1'),
(1058, '01580130', '80', 300.00, 'de', '2018-02-04 18:22:52', '04/02/61', '1'),
(1059, '02550067', '80', -5000.00, 'wi', '2018-02-04 18:24:51', '04/02/61', '1'),
(1060, '01520048', '80', -2200.00, 'wi', '2017-06-11 00:00:00', '11/06/60', ''),
(1061, '01520047', '80', 1586.00, 'de', '2018-02-04 00:00:00', '04/02/61', '1'),
(1062, '01530063', '80', -5000.00, 'wi', '2018-02-04 19:18:12', '04/02/61', '1'),
(1063, '01500024', '80', 1000.00, 'de', '2018-02-11 18:02:02', '11/02/61', '1'),
(1064, '04550049', '80', 7000.00, 'de', '2018-02-11 18:04:53', '11/02/61', '1'),
(1065, '04510018', '80', 110000.00, 'de', '2018-02-11 18:06:34', '11/02/61', '1'),
(1066, '01500017', '80', 200.00, 'de', '2018-02-11 18:07:08', '11/02/61', '1'),
(1067, '01530063', '80', 1000.00, 'de', '2018-02-11 18:20:51', '11/02/61', '1'),
(1068, '01500034', '80', 429.00, 'de', '2018-02-11 18:22:31', '11/02/61', '1'),
(1069, '02530045', '80', -2000.00, 'wi', '2018-02-11 18:22:53', '11/02/61', '1'),
(1070, '04560061', '80', 1000.00, 'de', '2018-02-11 18:23:24', '11/02/61', '1'),
(1071, '04530029', '80', 200000.00, 'de', '2018-02-11 19:42:09', '11/02/61', '1'),
(1072, '04560060', '80', 1000.00, 'de', '2018-02-11 19:42:47', '11/02/61', '1'),
(1073, '01610168', '80', 540.00, 'de', '2018-02-11 19:43:34', '11/02/61', '1'),
(1074, '01610168', '80', 140000.00, 'de', '2018-02-11 19:44:05', '11/02/61', '1'),
(1075, '01600164', '80', 100.00, 'de', '2018-03-04 13:26:33', '04/03/61', '1'),
(1076, '01590141', '80', 1010.00, 'de', '2018-03-04 13:31:31', '04/03/61', '1'),
(1077, '01540076', '80', 100.00, 'de', '2018-03-04 14:01:07', '04/03/61', '1'),
(1078, '01580138', '80', 100.00, 'de', '2018-03-04 14:03:02', '04/03/61', '1'),
(1079, '01610169', '80', 509.00, 'de', '2018-03-04 14:08:37', '04/03/61', '1'),
(1080, '04580084', '80', 1000.00, 'de', '2018-03-04 14:11:03', '04/03/61', '1'),
(1081, '02530051', '80', 1000.00, 'de', '2018-03-04 14:46:25', '04/03/61', '1'),
(1082, '02530051', '80', 265.39, 'in', '2016-06-05 00:00:00', '05/06/59', ''),
(1083, '02530051', '80', 8.75, 'in', '2016-08-07 00:00:00', '07/08/59', ''),
(1084, '02530051', '80', 276.46, 'in', '2016-09-04 00:00:00', '04/09/59', ''),
(1085, '-2530051', '80', 8.75, 'in', '2018-03-04 00:00:00', '04/03/61', ''),
(1086, '02530051', '80', 8.75, 'in', '2016-10-02 00:00:00', '02/10/59', ''),
(1087, '02530051', '80', 17.50, 'in', '2016-11-06 00:00:00', '06/11/59', ''),
(1088, '02530051', '80', 270.12, 'in', '2016-12-04 00:00:00', '04/12/59', ''),
(1089, '02530051', '80', 8.90, 'in', '2017-01-01 00:00:00', '01/01/60', ''),
(1090, '02530051', '80', 8.90, 'in', '2017-02-05 00:00:00', '05/02/60', ''),
(1091, '02530051', '80', 278.87, 'in', '2017-03-05 00:00:00', '05/03/60', ''),
(1092, '02530051', '80', 17.65, 'in', '2017-04-02 00:00:00', '02/04/60', ''),
(1093, '02530051', '80', 17.65, 'in', '2017-05-07 00:00:00', '07/05/60', ''),
(1094, '02530051', '80', 290.05, 'in', '2017-06-04 00:00:00', '04/06/60', ''),
(1095, '02530051', '80', 17.80, 'in', '2017-07-02 00:00:00', '02/07/60', ''),
(1096, '02530051', '80', 17.80, 'in', '2017-08-06 00:00:00', '06/08/60', ''),
(1097, '02530051', '80', 292.59, 'in', '2017-08-06 00:00:00', '06/08/60', ''),
(1098, '02530051', '80', 292.59, 'in', '2017-08-06 00:00:00', '06/08/60', ''),
(1099, '04540037', '80', 1000.00, 'de', '2018-03-04 14:58:30', '04/03/61', '1'),
(1100, '04540037', '80', 1015.40, 'in', '2017-03-05 00:00:00', '05/03/60', ''),
(1101, '04540037', '80', 40.00, 'in', '2017-04-02 00:00:00', '02/04/60', ''),
(1102, '04540037', '80', 40.00, 'in', '2017-08-06 00:00:00', '06/08/60', ''),
(1103, '04540037', '80', 40.00, 'in', '2017-09-03 00:00:00', '03/09/60', ''),
(1104, '04540037', '80', 40.00, 'in', '2017-10-01 00:00:00', '01/10/60', ''),
(1105, '04540037', '80', 40.00, 'in', '2017-11-05 00:00:00', '05/11/60', ''),
(1106, '01580129', '80', 60.00, 'de', '2018-03-04 15:03:41', '04/03/61', '1'),
(1107, '04580086', '80', -8000.00, 'wi', '2018-03-04 15:04:26', '04/03/61', '1'),
(1108, '-4580086', '80', 8320.00, 'bl', '2018-03-04 00:00:00', '04/03/61', ''),
(1109, '04580086', '80', 8320.00, 'bl', '2017-11-05 00:00:00', '05/11/60', ''),
(1110, '01570110', '80', 3000.00, 'de', '2018-03-04 15:31:22', '04/03/61', '1'),
(1111, '-1570110', '80', 3000.00, 'de', '2018-03-04 15:31:46', '04/03/61', '1'),
(1112, '01500015', '80', 500.00, 'de', '2018-03-04 15:32:50', '04/03/61', '1'),
(1113, '01500017', '80', 200.00, 'de', '2018-03-04 15:34:07', '04/03/61', '1'),
(1114, '01580130', '80', 300.00, 'de', '2018-03-04 15:34:32', '04/03/61', '1'),
(1115, '01500001', '80', 100.00, 'de', '2018-03-04 15:35:03', '04/03/61', '1'),
(1116, '01500002', '80', 100.00, 'de', '2018-03-04 15:35:22', '04/03/61', '1'),
(1117, '01600160', '80', 100.00, 'de', '2018-03-04 15:36:08', '04/03/61', '1'),
(1118, '01580116', '80', 500.00, 'de', '2018-03-04 15:36:29', '04/03/61', '1'),
(1119, '01500024', '80', 1000.00, 'de', '2018-03-04 15:36:54', '04/03/61', '1'),
(1120, '-1580138', '80', 100.00, 'de', '2018-03-04 15:37:19', '04/03/61', '1'),
(1121, '01580120', '80', 100.00, 'de', '2018-03-04 15:40:12', '04/03/61', '1'),
(1122, '01610167', '80', 500.00, 'de', '2018-03-04 15:41:19', '04/03/61', '1'),
(1123, '02500016', '80', 1000.00, 'de', '2018-03-04 15:42:59', '04/03/61', '1'),
(1124, '01600162', '80', 200.00, 'de', '2018-03-04 15:45:50', '04/03/61', '1'),
(1125, '02590075', '80', 1000.00, 'de', '2018-03-04 15:46:48', '04/03/61', '1'),
(1126, '-2530051', '80', 1000.00, 'de', '2018-03-04 15:47:14', '04/03/61', '1'),
(1127, '-2500015', '80', 5000.00, 'de', '2018-03-04 15:49:14', '04/03/61', '1'),
(1128, '02530050', '80', -1000.00, 'wi', '2018-03-04 15:55:57', '04/03/61', '1'),
(1129, '02530050', '80', 1230.42, 'bl', '2018-01-07 00:00:00', '07/01/61', ''),
(1130, '01580119', '80', 400.00, 'de', '2018-03-04 15:58:43', '04/03/61', '1'),
(1131, '04540040', '80', 1000.00, 'de', '2018-03-04 15:59:29', '04/03/61', '1'),
(1132, '04600099', '80', 2100.00, 'de', '2018-03-04 16:11:56', '04/03/61', '1'),
(1133, '-4580082', '80', 500.00, 'de', '2018-03-04 16:12:22', '04/03/61', '1'),
(1134, '04530026', '80', -5160.00, 'wi', '2018-03-04 16:13:53', '04/03/61', '1'),
(1135, '04530026', '80', 5160.00, 'in', '2018-03-04 00:00:00', '04/03/61', ''),
(1136, '04580090', '80', 1000.00, 'de', '2018-03-04 16:19:02', '04/03/61', '1'),
(1137, '01600151', '80', 450.00, 'de', '2018-03-04 16:33:33', '04/03/61', '1'),
(1138, '01610168', '80', 4705.00, 'de', '2018-03-04 16:33:53', '04/03/61', '1'),
(1139, '01580132', '80', 500.00, 'de', '2018-03-04 16:34:26', '04/03/61', '1'),
(1140, '04600098', '80', 2000.00, 'de', '2018-03-04 16:34:52', '04/03/61', '1'),
(1141, '01580128', '80', -15000.00, 'wi', '2018-03-04 16:35:34', '04/03/61', '1'),
(1142, '03550015', '80', -10000.00, 'wi', '2018-03-04 16:36:16', '04/03/61', '1'),
(1143, '04580082', '80', 1000.00, 'de', '2018-03-04 16:38:00', '04/03/61', '1'),
(1144, '04560057', '80', -10000.00, 'wi', '2018-03-04 16:43:15', '04/03/61', '1'),
(1145, '04560057', '80', 83.20, 'in', '2017-11-05 00:00:00', '05/11/60', ''),
(1146, '04560057', '80', 200.00, 'in', '2018-01-07 00:00:00', '07/01/61', ''),
(1147, '03540012', '80', -78350.00, 'wi', '2018-03-04 17:18:11', '04/03/61', '1'),
(1148, '-1600163', '80', 50000.00, 'de', '2018-03-04 17:19:59', '04/03/61', '1'),
(1149, '01600163', '80', 15000.00, 'de', '2018-03-04 17:21:11', '04/03/61', '1'),
(1150, '04560060', '80', 1000.00, 'de', '2018-03-04 17:30:24', '04/03/61', '1'),
(1151, '-3540012', '80', 600025.00, 'bl', '2017-01-01 00:00:00', '01/01/60', ''),
(1152, '03540012', '80', 60025.00, 'bl', '2017-01-01 00:00:00', '01/01/60', ''),
(1153, '03540012', '80', 5243.00, 'de', '2017-01-08 00:00:00', '08/01/60', '1'),
(1154, '03540012', '80', -65268.00, 'wi', '2017-01-08 00:00:00', '08/01/60', ''),
(1155, '03540012', '80', 13395.00, 'de', '2017-06-04 00:00:00', '04/06/60', '1'),
(1156, '03540012', '80', 25748.00, 'de', '2017-08-13 00:00:00', '13/08/60', '1'),
(1157, '03540012', '80', 33424.00, 'de', '2018-02-04 00:00:00', '04/02/61', '1'),
(1158, '03540012', '80', 117.67, 'in', '2015-12-31 00:00:00', '31/12/58', ''),
(1159, '03540012', '80', 269.23, 'in', '2016-12-31 00:00:00', '31/12/59', ''),
(1160, '03540012', '80', 295.11, 'in', '2017-12-31 00:00:00', '31/12/60', ''),
(1161, '04560061', '80', 1000.00, 'de', '2018-03-04 18:44:26', '04/03/61', '1'),
(1162, '01500028', '80', -30000.00, 'wi', '2017-05-14 00:00:00', '14/05/60', ''),
(1163, '01500028', '80', 8700.00, 'de', '2018-03-11 00:00:00', '11/03/61', '1'),
(1164, '01610169', '80', 500.00, 'de', '2018-03-11 17:24:21', '11/03/61', '1'),
(1165, '01500024', '80', 1000.00, 'de', '2018-03-11 17:24:38', '11/03/61', '1'),
(1166, '02500012', '80', 2500.00, 'de', '2018-03-11 17:32:05', '11/03/61', '1'),
(1167, '-2500012', '80', 110789.09, 'bl', '2017-04-09 00:00:00', '09/04/60', ''),
(1168, '02500012', '80', 320.00, 'in', '2016-09-04 00:00:00', '04/09/59', ''),
(1169, '02500012', '80', 5.62, 'in', '2017-03-05 00:00:00', '05/03/60', ''),
(1170, '02500012', '80', 79.38, 'in', '2017-04-02 00:00:00', '02/04/60', ''),
(1171, '02500012', '80', 821.44, 'in', '2017-05-07 00:00:00', '07/05/60', ''),
(1172, '02500012', '80', 4.23, 'in', '2017-06-04 00:00:00', '04/06/60', ''),
(1173, '02500012', '80', 110789.09, 'bl', '2017-04-09 00:00:00', '09/04/60', ''),
(1174, '04550047', '80', 401.70, 'in', '2017-05-07 00:00:00', '07/05/60', ''),
(1175, '04550047', '80', -500.00, 'wi', '2018-03-11 00:00:00', '11/03/61', ''),
(1176, '01520048', '80', 500.00, 'de', '2018-03-11 17:48:53', '11/03/61', '1'),
(1177, '01550093', '80', -8000.00, 'wi', '2018-03-11 17:50:09', '11/03/61', '1'),
(1178, '01550093', '80', 120.00, 'in', '2013-08-04 00:00:00', '04/08/56', ''),
(1179, '01550093', '80', 60.00, 'in', '2014-08-03 00:00:00', '03/08/57', ''),
(1180, '01550093', '80', 60.00, 'in', '2015-08-02 00:00:00', '02/08/58', ''),
(1181, '01550093', '80', 60.00, 'in', '2016-08-07 00:00:00', '07/08/59', ''),
(1182, '04510018', '80', 2000.00, 'de', '2018-03-11 17:55:51', '11/03/61', '1'),
(1183, '04550049', '80', 5500.00, 'de', '2018-03-11 17:56:17', '11/03/61', '1'),
(1184, '04590094', '80', 3000.00, 'de', '2018-03-11 17:56:38', '11/03/61', '1'),
(1185, '02500012', '80', 262.50, 'in', '2017-07-02 00:00:00', '02/07/60', ''),
(1186, '02500012', '80', 350.00, 'in', '2017-08-06 00:00:00', '06/08/60', ''),
(1187, '02500012', '80', 875.00, 'in', '2017-10-01 00:00:00', '01/10/60', ''),
(1188, '02500012', '80', 350.00, 'in', '2017-11-05 00:00:00', '05/11/60', ''),
(1189, '02500012', '80', 882.44, 'in', '2018-02-04 00:00:00', '04/02/61', ''),
(1190, '02500012', '80', 43.75, 'in', '2018-03-04 00:00:00', '04/03/61', ''),
(1191, '02500012', '80', -112783.45, 'wi', '2018-03-11 00:00:00', '11/03/61', ''),
(1192, '04610104', '80', 112783.45, 'de', '2018-03-11 20:29:12', '11/03/61', '1'),
(1193, '02530045', '80', -5000.00, 'wi', '2018-03-11 20:32:48', '11/03/61', '1'),
(1194, '01610168', '80', 1260.00, 'de', '2018-03-11 20:38:42', '11/03/61', '1'),
(1195, '03540012', '80', 5505.00, 'de', '2018-03-11 20:42:12', '11/03/61', '1'),
(1196, '04600101', '80', 1000.00, 'de', '2018-04-01 14:33:52', '01/04/61', '1'),
(1197, '04540040', '80', 1000.00, 'de', '2018-04-01 14:34:08', '01/04/61', '1'),
(1198, '01500024', '80', 2000.00, 'de', '2018-04-01 14:35:53', '01/04/61', '1'),
(1199, '01600151', '80', 571.00, 'de', '2018-04-01 14:36:42', '01/04/61', '1'),
(1200, '01610168', '80', 27000.00, 'de', '2018-04-01 14:37:00', '01/04/61', '1'),
(1201, '01610169', '80', 500.00, 'de', '2018-04-01 14:37:36', '01/04/61', '1'),
(1202, '01580128', '80', 17400.00, 'de', '2018-04-01 14:38:13', '01/04/61', '1'),
(1203, '01600164', '80', 100.00, 'de', '2018-04-01 14:38:39', '01/04/61', '1'),
(1204, '01580130', '80', 300.00, 'de', '2018-04-01 14:38:59', '01/04/61', '1'),
(1205, '01500015', '80', 500.00, 'de', '2018-04-01 14:39:16', '01/04/61', '1'),
(1206, '04500002', '80', 571.50, 'bl', '2018-01-07 00:00:00', '07/01/61', ''),
(1207, '04500002', '80', -571.50, 'wi', '2018-04-01 14:41:08', '01/04/61', '1'),
(1208, '01510043', '80', 35750.00, 'de', '2018-04-01 14:41:35', '01/04/61', '1'),
(1209, '01510043', '80', 10000.00, 'de', '2018-02-11 00:00:00', '11/02/61', '1'),
(1210, '-1510043', '80', -12372.72, 'wi', '2017-12-03 00:00:00', '03/12/60', ''),
(1211, '-1510043', '80', 123372.72, 'de', '2017-12-03 00:00:00', '03/12/60', '1'),
(1212, '01510043', '80', -123372.72, 'wi', '2017-12-03 00:00:00', '03/12/60', ''),
(1213, '01510043', '80', 4647.67, 'in', '2017-12-31 00:00:00', '31/12/60', ''),
(1214, '-2500015', '80', 1000.00, 'de', '2018-04-01 14:51:36', '01/04/61', '1'),
(1215, '02500015', '80', 6100.00, 'bl', '2016-12-04 00:00:00', '04/12/59', ''),
(1216, '02500015', '80', -3000.00, 'wi', '2017-06-04 00:00:00', '04/06/60', ''),
(1217, '02500015', '80', 5000.00, 'de', '2018-03-04 00:00:00', '04/03/61', '1'),
(1218, '02500015', '80', -1000.00, 'wi', '2018-04-01 00:00:00', '01/04/61', ''),
(1219, '04600098', '80', 2000.00, 'de', '2018-04-01 15:10:09', '01/04/61', '1'),
(1220, '01580132', '80', 500.00, 'de', '2018-04-01 15:10:34', '01/04/61', '1'),
(1221, '01580116', '80', 500.00, 'de', '2018-04-01 15:19:59', '01/04/61', '1'),
(1222, '02590075', '80', 1000.00, 'de', '2018-04-01 15:39:26', '01/04/61', '1'),
(1223, '01580121', '80', 200.00, 'de', '2018-04-01 15:49:55', '01/04/61', '1'),
(1224, '01560096', '80', 100.00, 'de', '2018-04-01 15:50:18', '01/04/61', '1'),
(1225, '01580120', '80', 100.00, 'de', '2018-04-01 15:51:25', '01/04/61', '1'),
(1226, '02500016', '80', -10000.00, 'wi', '2018-04-01 15:54:15', '01/04/61', '1'),
(1227, '04580082', '80', 87.36, 'in', '2017-03-05 00:00:00', '05/03/60', ''),
(1228, '04580082', '80', 83.20, 'in', '2017-04-02 00:00:00', '02/04/60', ''),
(1229, '04580082', '80', 147.68, 'in', '2017-06-04 00:00:00', '04/06/60', ''),
(1230, '04580082', '80', 62.40, 'in', '2017-07-02 00:00:00', '02/07/60', ''),
(1231, '04580082', '80', 187.20, 'in', '2017-08-06 00:00:00', '06/08/60', ''),
(1232, '04580082', '80', 145.60, 'in', '2017-09-03 00:00:00', '03/09/60', ''),
(1233, '04580082', '80', 66.56, 'in', '2017-10-01 00:00:00', '01/10/60', ''),
(1234, '04580082', '80', 124.80, 'in', '2017-11-05 00:00:00', '05/11/60', ''),
(1235, '04580082', '80', 41.60, 'in', '2017-12-03 00:00:00', '03/12/60', ''),
(1236, '04580082', '80', 83.20, 'in', '2018-01-07 00:00:00', '07/01/61', ''),
(1237, '04580082', '80', 353.07, 'in', '2018-02-04 00:00:00', '04/02/61', ''),
(1238, '04580082', '80', 122.56, 'in', '2018-03-04 00:00:00', '04/03/61', ''),
(1239, '04580082', '80', 1000.00, 'de', '2018-04-01 00:00:00', '01/04/61', '1'),
(1240, '-4580082', '80', 1000.00, 'de', '2018-04-01 00:00:00', '01/04/61', '1'),
(1241, '02600076', '80', 2625.00, 'in', '2018-04-01 00:00:00', '01/04/61', ''),
(1242, '02600076', '80', -2625.00, 'wi', '2018-04-01 16:19:26', '01/04/61', '1'),
(1243, '01610168', '80', 8205.00, 'de', '2018-04-01 16:34:44', '01/04/61', '1'),
(1244, '04580090', '80', 1000.00, 'de', '2018-04-01 16:38:03', '01/04/61', '1'),
(1245, '04550047', '80', -3500.00, 'wi', '2018-04-01 16:56:43', '01/04/61', '1'),
(1246, '01520056', '80', -66000.00, 'wi', '2018-04-01 18:36:54', '01/04/61', '1'),
(1247, '01520056', '80', 819.02, 'in', '2017-12-31 00:00:00', '31/12/60', ''),
(1248, '01540076', '80', 100.00, 'de', '2018-04-01 18:55:43', '01/04/61', '1'),
(1249, '01580138', '80', 100.00, 'de', '2018-04-01 18:56:00', '01/04/61', '1'),
(1250, '04570081', '80', 2000.00, 'de', '2014-12-07 00:00:00', '07/12/57', '1'),
(1251, '04570081', '80', 1000.00, 'de', '2015-04-12 00:00:00', '12/04/58', '1'),
(1252, '04570081', '80', 3000.00, 'de', '2015-09-06 00:00:00', '06/09/58', '1'),
(1253, '04570081', '80', 4000.00, 'de', '2015-10-04 00:00:00', '04/10/58', '1'),
(1254, '04570081', '80', -1000.00, 'wi', '2016-03-06 00:00:00', '06/03/59', ''),
(1255, '04570081', '80', 1000.00, 'de', '2016-05-01 00:00:00', '01/05/59', '1'),
(1256, '04510018', '80', 2000.00, 'de', '2018-04-08 18:14:28', '08/04/61', '1'),
(1257, '01500024', '80', 1000.00, 'de', '2018-04-08 18:15:13', '08/04/61', '1'),
(1258, '01610169', '80', 500.00, 'de', '2018-04-08 18:15:54', '08/04/61', '1'),
(1259, '01610167', '80', 500.00, 'de', '2018-04-08 18:17:41', '08/04/61', '1'),
(1260, '01580119', '80', 400.00, 'de', '2018-04-08 18:18:07', '08/04/61', '1'),
(1261, '01600162', '80', 200.00, 'de', '2018-04-08 18:18:26', '08/04/61', '1'),
(1262, '01590141', '80', 545.00, 'de', '2018-04-08 18:18:47', '08/04/61', '1'),
(1263, '01500017', '80', 200.00, 'de', '2018-04-08 18:19:11', '08/04/61', '1'),
(1264, '04600098', '80', 20000.00, 'de', '2018-04-08 18:19:53', '08/04/61', '1'),
(1265, '04580088', '80', 5000.00, 'de', '2018-04-08 18:20:21', '08/04/61', '1'),
(1266, '04560059', '80', 1000.00, 'de', '2018-04-08 18:20:41', '08/04/61', '1'),
(1267, '04530026', '80', -8000.00, 'wi', '2018-04-08 18:26:47', '08/04/61', '1'),
(1268, '01580129', '80', 60.00, 'de', '2018-04-08 18:28:35', '08/04/61', '1'),
(1269, '01580122', '80', 3900.00, 'de', '2018-04-08 18:34:18', '08/04/61', '1'),
(1270, '01580122', '80', -2000.00, 'wi', '2017-02-05 00:00:00', '05/02/60', ''),
(1271, '01580122', '80', 600.00, 'de', '2017-04-09 00:00:00', '09/04/60', '1'),
(1272, '01580122', '80', 79.79, 'in', '2016-12-31 00:00:00', '31/12/59', ''),
(1273, '01580122', '80', 46.88, 'in', '2017-12-31 00:00:00', '31/12/60', ''),
(1274, '01610168', '80', 8090.00, 'de', '2018-04-08 18:56:24', '08/04/61', '1'),
(1275, '04560060', '80', 3000.00, 'de', '2018-04-08 19:26:11', '08/04/61', '1'),
(1276, '04560061', '80', 3000.00, 'de', '2018-04-08 19:26:47', '08/04/61', '1'),
(1277, '01550093', '80', -7000.00, 'wi', '2018-04-08 19:28:13', '08/04/61', '1'),
(1278, '01600151', '80', 100.00, 'de', '2018-05-06 18:58:51', '06/05/61', '1'),
(1279, '01580120', '80', 100.00, 'de', '2018-05-06 18:59:05', '06/05/61', '1'),
(1280, '01580129', '80', 60.00, 'de', '2018-05-06 18:59:31', '06/05/61', '1'),
(1281, '01580116', '80', 500.00, 'de', '2018-05-06 18:59:47', '06/05/61', '1'),
(1282, '01570113', '80', 2000.00, 'de', '2018-05-06 19:00:15', '06/05/61', '1'),
(1283, '01570113', '80', 500.00, 'bl', '2018-01-07 00:00:00', '07/01/61', ''),
(1284, '01580130', '80', 300.00, 'de', '2018-05-06 19:01:17', '06/05/61', '1'),
(1285, '01580138', '80', 100.00, 'de', '2018-05-06 19:01:30', '06/05/61', '1'),
(1286, '01540076', '80', 100.00, 'de', '2018-05-06 19:01:46', '06/05/61', '1');
INSERT INTO `eventbank` (`num`, `bankid`, `workno`, `income`, `code`, `createdate`, `deptime`, `time`) VALUES
(1287, '01580128', '80', 800.00, 'de', '2018-05-06 19:02:08', '06/05/61', '1'),
(1288, '01500024', '80', 1000.00, 'de', '2018-05-06 19:02:25', '06/05/61', '1'),
(1289, '01610169', '80', 1000.00, 'de', '2018-05-06 19:02:42', '06/05/61', '1'),
(1290, '01610171', '80', 200.00, 'de', '2018-05-06 19:05:51', '06/05/61', '1'),
(1291, '01610171', '80', 500.00, 'bl', '2018-04-01 00:00:00', '01/04/61', ''),
(1292, '01580132', '80', 500.00, 'de', '2018-05-06 19:06:51', '06/05/61', '1'),
(1293, '01610168', '80', 9075.00, 'de', '2018-05-06 19:07:07', '06/05/61', '1'),
(1294, '01590141', '80', 420.00, 'de', '2018-05-06 19:07:28', '06/05/61', '1'),
(1295, '01510043', '80', 34280.00, 'de', '2018-05-06 19:07:47', '06/05/61', '1'),
(1296, '01610167', '80', 500.00, 'de', '2018-05-06 19:08:12', '06/05/61', '1'),
(1297, '01600164', '80', 100.00, 'de', '2018-05-06 19:08:50', '06/05/61', '1'),
(1298, '01550093', '80', -7000.00, 'wi', '2018-05-06 19:09:09', '06/05/61', '1'),
(1299, '02540053', '80', 2000.00, 'de', '2018-05-06 19:09:59', '06/05/61', '1'),
(1300, '02500016', '80', 1000.00, 'de', '2018-05-06 19:10:17', '06/05/61', '1'),
(1301, '02590075', '80', -30000.00, 'wi', '2018-05-06 19:10:37', '06/05/61', '1'),
(1302, '02500002', '80', -163.00, 'wi', '2018-05-06 19:11:02', '06/05/61', '1'),
(1303, '02500002', '80', 163.37, 'bl', '2018-05-06 00:00:00', '06/05/61', ''),
(1304, '02550067', '80', -2000.00, 'wi', '2018-05-06 19:12:50', '06/05/61', '1'),
(1305, '03550019', '80', -30000.00, 'wi', '2018-05-06 19:13:11', '06/05/61', '1'),
(1306, '04600098', '80', 1000.00, 'de', '2018-05-06 19:13:46', '06/05/61', '1'),
(1307, '04580090', '80', 1000.00, 'de', '2018-05-06 19:14:48', '06/05/61', '1'),
(1308, '04540040', '80', 1000.00, 'de', '2018-05-06 19:15:20', '06/05/61', '1'),
(1309, '04580092', '80', 1000.00, 'de', '2018-05-06 19:15:40', '06/05/61', '1'),
(1310, '04580084', '80', 1000.00, 'de', '2018-05-06 19:15:58', '06/05/61', '1'),
(1311, '04560061', '80', 1000.00, 'de', '2018-05-06 19:16:23', '06/05/61', '1'),
(1312, '04560060', '80', 1000.00, 'de', '2018-05-06 19:16:39', '06/05/61', '1'),
(1313, '04580082', '80', 1000.00, 'de', '2018-05-06 19:16:53', '06/05/61', '1'),
(1314, '04570074', '80', -18000.00, 'wi', '2018-05-06 19:17:27', '06/05/61', '1'),
(1315, '04500010', '80', 27755.19, 'bl', '2018-05-06 00:00:00', '06/05/61', ''),
(1316, '04520010', '80', -27755.00, 'wi', '2018-05-06 19:21:37', '06/05/61', '1'),
(1317, '04530026', '80', -12000.00, 'wi', '2018-05-06 19:22:15', '06/05/61', '1'),
(1318, '04530026', '80', 8000.00, 'in', '2018-04-01 00:00:00', '01/04/61', ''),
(1319, '04530026', '80', 12000.00, 'in', '2018-05-06 00:00:00', '06/05/61', ''),
(1320, '01500024', '80', 1000.00, 'de', '2018-05-13 19:32:57', '13/05/61', '1'),
(1321, '01610169', '80', 1000.00, 'de', '2018-05-13 19:33:48', '13/05/61', '1'),
(1322, '01580119', '80', 400.00, 'de', '2018-05-13 19:35:30', '13/05/61', '1'),
(1323, '01600162', '80', 200.00, 'de', '2018-05-13 19:38:29', '13/05/61', '1'),
(1324, '04600099', '80', 2000.00, 'de', '2018-05-13 19:38:43', '13/05/61', '1'),
(1325, '04520021', '80', 1000.00, 'de', '2018-05-13 19:38:53', '13/05/61', '1'),
(1326, '04540041', '80', -2400.00, 'wi', '2018-05-13 19:40:32', '13/05/61', '1'),
(1327, '-2610077', '80', 10300.00, 'de', '2018-05-13 19:47:25', '13/05/61', '1'),
(1328, '-4540041', '80', 40000.00, 'de', '2017-05-07 00:00:00', '07/05/60', '1'),
(1329, '04540041', '80', 20000.00, 'de', '2017-05-07 00:00:00', '07/05/60', '1'),
(1330, '04540041', '80', 40000.00, 'de', '2017-04-02 00:00:00', '02/04/60', '1'),
(1331, '01580128', '80', 500.00, 'de', '2018-06-03 17:21:41', '03/06/61', '1'),
(1332, '01610167', '80', 500.00, 'de', '2018-06-03 17:22:32', '03/06/61', '1'),
(1333, '01500017', '80', 200.00, 'de', '2018-06-03 17:22:51', '03/06/61', '1'),
(1334, '01600162', '80', 200.00, 'de', '2018-06-03 17:23:19', '03/06/61', '1'),
(1335, '01580119', '80', 400.00, 'de', '2018-06-03 17:23:45', '03/06/61', '1'),
(1336, '01580120', '80', 100.00, 'de', '2018-06-03 17:25:01', '03/06/61', '1'),
(1337, '01580129', '80', 60.00, 'de', '2018-06-03 17:25:17', '03/06/61', '1'),
(1338, '01600164', '80', 100.00, 'de', '2018-06-03 17:28:07', '03/06/61', '1'),
(1339, '01600160', '80', 100.00, 'de', '2018-06-03 17:28:18', '03/06/61', '1'),
(1340, '01500001', '80', 100.00, 'de', '2018-06-03 17:28:37', '03/06/61', '1'),
(1341, '01580116', '80', 500.00, 'de', '2018-06-03 17:29:18', '03/06/61', '1'),
(1342, '01600151', '80', 100.00, 'de', '2018-06-03 17:29:28', '03/06/61', '1'),
(1343, '01580132', '80', 500.00, 'de', '2018-06-03 17:29:40', '03/06/61', '1'),
(1344, '01540076', '80', 100.00, 'de', '2018-06-03 17:31:32', '03/06/61', '1'),
(1345, '01570104', '80', 200.00, 'de', '2018-06-03 17:32:44', '03/06/61', '1'),
(1346, '01570105', '80', 200.00, 'de', '2018-06-03 17:32:56', '03/06/61', '1'),
(1347, '01500024', '80', 1000.00, 'de', '2018-06-03 17:34:24', '03/06/61', '1'),
(1348, '01580138', '80', 100.00, 'de', '2018-06-03 17:34:41', '03/06/61', '1'),
(1349, '01500015', '80', 500.00, 'de', '2018-06-03 17:34:53', '03/06/61', '1'),
(1350, '01580124', '80', -300.00, 'wi', '2018-06-03 17:36:38', '03/06/61', '1'),
(1351, '01510046', '80', -10000.00, 'wi', '2018-06-03 17:37:20', '03/06/61', '1'),
(1352, '01500015', '80', -30000.00, 'wi', '2018-06-03 17:37:37', '03/06/61', '1'),
(1353, '01550093', '80', -7400.00, 'wi', '2018-06-03 17:38:25', '03/06/61', '1'),
(1354, '01500002', '80', -10000.00, 'wi', '2018-06-03 17:38:52', '03/06/61', '1'),
(1355, '02500016', '80', 1000.00, 'de', '2018-06-03 17:39:47', '03/06/61', '1'),
(1356, '02590074', '80', -20000.00, 'wi', '2018-06-03 17:41:37', '03/06/61', '1'),
(1357, '02590075', '80', -14245.68, 'wi', '2018-06-03 17:42:35', '03/06/61', '1'),
(1358, '02530051', '80', -51316.18, 'wi', '2018-06-03 17:43:45', '03/06/61', '1'),
(1359, '03550019', '80', 30000.00, 'de', '2018-06-03 17:44:23', '03/06/61', '1'),
(1360, '04590094', '80', 500.00, 'de', '2018-06-03 17:44:41', '03/06/61', '1'),
(1361, '04500012', '80', 150000.00, 'de', '2018-06-03 17:45:33', '03/06/61', '1'),
(1362, '04600098', '80', 1000.00, 'de', '2018-06-03 17:46:29', '03/06/61', '1'),
(1363, '04580082', '80', 1000.00, 'de', '2018-06-03 17:47:32', '03/06/61', '1'),
(1364, '04540040', '80', 1000.00, 'de', '2018-06-03 17:48:25', '03/06/61', '1'),
(1365, '04580090', '80', 2000.00, 'de', '2018-06-03 17:48:38', '03/06/61', '1'),
(1366, '04590095', '80', 59000.00, 'de', '2018-06-03 17:48:51', '03/06/61', '1'),
(1367, '04540037', '80', -45242.87, 'wi', '2018-06-03 17:51:15', '03/06/61', '1'),
(1368, '04520021', '80', -30000.00, 'wi', '2018-06-03 17:51:51', '03/06/61', '1'),
(1369, '04580088', '80', -100000.00, 'wi', '2018-06-03 17:52:37', '03/06/61', '1'),
(1370, '04570074', '80', -800.00, 'wi', '2018-06-03 17:53:02', '03/06/61', '1'),
(1371, '01510043', '80', 29580.00, 'de', '2018-06-10 20:51:54', '10/06/61', '1'),
(1372, '01610166', '80', 200.00, 'de', '2018-06-10 20:52:11', '10/06/61', '1'),
(1373, '01500024', '80', 1000.00, 'de', '2018-06-10 20:54:06', '10/06/61', '1'),
(1374, '01610169', '80', 1000.00, 'de', '2018-06-10 20:54:26', '10/06/61', '1'),
(1375, '01530063', '80', 1500.00, 'de', '2018-06-10 20:55:22', '10/06/61', '1'),
(1376, '01500024', '80', -50000.00, 'wi', '2018-06-10 20:56:17', '10/06/61', '0'),
(1377, '02530046', '80', -3000.00, 'wi', '2018-06-10 20:57:39', '10/06/61', '1'),
(1378, '02540053', '80', -5000.00, 'wi', '2018-06-10 20:58:50', '10/06/61', '1'),
(1379, '03520008', '80', 25000.00, 'de', '2018-06-10 20:59:08', '10/06/61', '1'),
(1380, '03540012', '80', 5642.00, 'de', '2018-06-10 21:00:33', '10/06/61', '1'),
(1381, '04550049', '80', 4000.00, 'de', '2018-06-10 21:03:04', '10/06/61', '1'),
(1382, '04510018', '80', 1000.00, 'de', '2018-06-10 21:03:23', '10/06/61', '1'),
(1383, '04560060', '80', 1000.00, 'de', '2018-06-10 21:03:37', '10/06/61', '1'),
(1384, '04560061', '80', 1000.00, 'de', '2018-06-10 21:03:51', '10/06/61', '1'),
(1385, '04570081', '80', -5000.00, 'wi', '2018-06-10 21:04:11', '10/06/61', '1'),
(1386, '04580091', '80', -640.00, 'wi', '2018-06-10 21:05:25', '10/06/61', '1'),
(1387, '04590093', '80', -20000.00, 'wi', '2018-06-10 21:06:27', '10/06/61', '1'),
(1388, '01610169', '80', 500.00, 'de', '2018-07-01 14:20:29', '01/07/61', '1'),
(1389, '01500024', '80', 500.00, 'de', '2018-07-01 14:21:23', '01/07/61', '1'),
(1390, '01580138', '80', 100.00, 'de', '2018-07-01 14:21:50', '01/07/61', '1'),
(1391, '01580116', '80', 500.00, 'de', '2018-07-01 14:22:58', '01/07/61', '1'),
(1392, '01580128', '80', 560.00, 'de', '2018-07-01 14:23:17', '01/07/61', '1'),
(1393, '01550094', '80', 4000.00, 'de', '2018-07-01 14:24:03', '01/07/61', '1'),
(1394, '01500015', '80', 500.00, 'de', '2018-07-01 14:24:53', '01/07/61', '1'),
(1395, '01540076', '80', 100.00, 'de', '2018-07-01 14:29:16', '01/07/61', '1'),
(1396, '02500008', '80', 20000.00, 'de', '2018-07-01 14:38:15', '01/07/61', '1'),
(1397, '02500008', '80', 29417.11, 'bl', '2018-07-01 00:00:00', '01/07/61', ''),
(1398, '02500010', '80', 20000.00, 'de', '2018-07-01 14:40:17', '01/07/61', '1'),
(1399, '02500010', '80', 30179.41, 'bl', '2018-07-01 00:00:00', '01/07/61', ''),
(1400, '04540040', '80', 1000.00, 'de', '2018-07-01 14:51:33', '01/07/61', '1'),
(1401, '03610023', '80', 50000.00, 'de', '2018-06-10 00:00:00', '10/06/61', '1'),
(1402, '03610023', '80', 1000.00, 'de', '2018-07-01 14:55:27', '01/07/61', '1'),
(1403, '04540044', '80', 14872.00, 'bl', '2016-12-11 00:00:00', '11/12/59', ''),
(1404, '04540044', '80', -14872.00, 'wi', '2018-06-03 00:00:00', '03/06/61', ''),
(1405, '03610024', '80', 30000.00, 'de', '2018-07-01 15:35:24', '01/07/61', '1'),
(1406, '02600076', '80', 2625.00, 'de', '2018-07-01 00:00:00', '01/07/61', '1'),
(1407, '-2600076', '80', 2625.00, 'de', '2018-07-01 00:00:00', '01/07/61', '1'),
(1408, '02600076', '80', -2625.00, 'wi', '2018-07-01 00:00:00', '01/07/61', ''),
(1409, '01600164', '80', 100.00, 'de', '2018-07-01 16:07:02', '01/07/61', '1'),
(1410, '01580120', '80', 100.00, 'de', '2018-07-01 16:07:26', '01/07/61', '1'),
(1411, '01610167', '80', 500.00, 'de', '2018-07-01 16:08:04', '01/07/61', '1'),
(1412, '01500017', '80', -1800.00, 'wi', '2018-07-01 16:08:36', '01/07/61', '1'),
(1413, '01500001', '80', -1000.00, 'wi', '2018-07-01 16:08:54', '01/07/61', '1'),
(1414, '-1600160', '80', -100.00, 'wi', '2018-07-01 16:09:34', '01/07/61', '1'),
(1415, '01600160', '80', -900.00, 'wi', '2018-07-01 00:00:00', '01/07/61', ''),
(1416, '01570110', '80', -5000.00, 'wi', '2018-07-01 00:00:00', '01/07/61', ''),
(1417, '04500005', '80', 500000.00, 'de', '2018-07-01 16:13:14', '01/07/61', '1'),
(1418, '04530026', '80', -4160.00, 'wi', '2018-07-01 16:13:56', '01/07/61', '1'),
(1419, '01510045', '80', 9973.61, 'de', '2018-07-01 16:15:06', '01/07/61', '1'),
(1420, '01520055', '80', 4986.80, 'de', '2018-07-01 16:15:46', '01/07/61', '1'),
(1421, '01510044', '80', 29920.82, 'de', '2018-07-01 16:16:09', '01/07/61', '1'),
(1422, '01510043', '80', -99736.00, 'wi', '2018-07-01 16:16:34', '01/07/61', '1'),
(1423, '01600151', '80', 100.00, 'de', '2018-07-01 16:22:31', '01/07/61', '1'),
(1424, '01580129', '80', 60.00, 'de', '2018-07-01 16:22:52', '01/07/61', '1'),
(1425, '01580132', '80', 500.00, 'de', '2018-07-01 16:23:17', '01/07/61', '1'),
(1426, '01610172', '80', 500.00, 'de', '2018-05-13 00:00:00', '13/05/61', '1'),
(1427, '01610172', '80', 100.00, 'de', '2018-06-03 00:00:00', '03/06/61', '1'),
(1428, '01610172', '80', 100.00, 'de', '2018-07-01 16:40:14', '01/07/61', '1'),
(1429, '01610168', '80', 10200.00, 'de', '2018-07-01 16:40:39', '01/07/61', '1'),
(1430, '-1550093', '80', -8800.00, 'wi', '2018-07-01 16:41:09', '01/07/61', '1'),
(1431, '01610175', '80', 500.00, 'de', '2018-06-10 00:00:00', '10/06/61', '1'),
(1432, '01610175', '80', 100.00, 'de', '2018-07-01 00:00:00', '01/07/61', '1'),
(1433, '01610176', '80', 500.00, 'de', '2018-06-10 00:00:00', '10/06/61', '1'),
(1434, '01610176', '80', 100.00, 'de', '2018-07-01 00:00:00', '01/07/61', '1'),
(1435, '01580130', '80', 300.00, 'de', '2018-07-01 16:51:49', '01/07/61', '1'),
(1436, '04580090', '80', 1000.00, 'de', '2018-07-01 16:52:15', '01/07/61', '1'),
(1437, '01550093', '80', -8500.00, 'wi', '2018-07-01 00:00:00', '01/07/61', ''),
(1438, '01600163', '80', -40000.00, 'wi', '2018-07-01 17:16:10', '01/07/61', '1'),
(1439, '04530026', '80', 80000.00, 'de', '2018-07-01 17:17:28', '01/07/61', '1'),
(1440, '01590141', '80', 966.00, 'de', '2018-07-08 17:16:55', '08/07/61', '1'),
(1441, '04560067', '80', 1000.00, 'de', '2018-07-08 17:17:59', '08/07/61', '1'),
(1442, '04560064', '80', 1000.00, 'de', '2018-07-08 17:19:28', '08/07/61', '1'),
(1443, '01580119', '80', -4000.00, 'wi', '2018-07-08 17:21:39', '08/07/61', '1'),
(1444, '04560065', '80', 1000.00, 'de', '2018-07-08 17:27:31', '08/07/61', '1'),
(1445, '04560066', '80', 1000.00, 'de', '2018-07-08 17:27:54', '08/07/61', '1'),
(1446, '04560066', '80', 7244.00, 'bl', '2016-10-09 00:00:00', '09/10/59', ''),
(1447, '04560066', '80', 150.94, 'in', '2014-11-02 00:00:00', '02/11/57', ''),
(1448, '-4560066', '80', 4.30, 'in', '2014-12-07 00:00:00', '07/12/57', ''),
(1449, '04560066', '80', 12.16, 'in', '2016-01-03 00:00:00', '03/01/59', ''),
(1450, '04560066', '80', 12.16, 'in', '2016-02-07 00:00:00', '07/02/59', ''),
(1451, '04560066', '80', 8.16, 'in', '2016-03-06 00:00:00', '06/03/59', ''),
(1452, '04560066', '80', 8.16, 'in', '2016-04-03 00:00:00', '03/04/59', ''),
(1453, '04560066', '80', 8.16, 'in', '2016-05-01 00:00:00', '01/05/59', ''),
(1454, '04560066', '80', 8.16, 'in', '2016-06-05 00:00:00', '05/06/59', ''),
(1455, '04560066', '80', 8.16, 'in', '2016-07-03 00:00:00', '03/07/59', ''),
(1456, '04560066', '80', 8.16, 'in', '2016-08-07 00:00:00', '07/08/59', ''),
(1457, '04560066', '80', 8.16, 'in', '2016-09-04 00:00:00', '04/09/59', ''),
(1458, '04560066', '80', 8.16, 'in', '2016-10-02 00:00:00', '02/10/59', ''),
(1459, '04560066', '80', 259.00, 'in', '2016-11-06 00:00:00', '06/11/59', ''),
(1460, '04560066', '80', 56.65, 'in', '2016-12-04 00:00:00', '04/12/59', ''),
(1461, '04560066', '80', 8.49, 'in', '2017-01-01 00:00:00', '01/01/60', ''),
(1462, '04560066', '80', 8.49, 'in', '2017-02-05 00:00:00', '05/02/60', ''),
(1463, '04560066', '80', 8.49, 'in', '2017-03-05 00:00:00', '05/03/60', ''),
(1464, '04560066', '80', 8.49, 'in', '2017-04-02 00:00:00', '02/04/60', ''),
(1465, '04560066', '80', 8.49, 'in', '2017-05-07 00:00:00', '07/05/60', ''),
(1466, '04560066', '80', -7000.00, 'wi', '2017-05-14 00:00:00', '14/05/60', ''),
(1467, '04560066', '80', 4.00, 'in', '2014-12-07 00:00:00', '07/12/57', ''),
(1468, '01600162', '80', 200.00, 'de', '2018-07-08 18:07:07', '08/07/61', '1'),
(1469, '01610173', '80', 100.00, 'de', '2018-07-08 18:12:03', '08/07/61', '1'),
(1470, '01610173', '80', 500.00, 'de', '2018-05-13 00:00:00', '13/05/61', '1'),
(1471, '01610173', '80', 100.00, 'de', '2018-06-03 00:00:00', '03/06/61', '1'),
(1472, '01610169', '80', 500.00, 'de', '2018-07-08 18:14:37', '08/07/61', '1'),
(1473, '01500024', '80', 500.00, 'de', '2018-07-08 18:15:23', '08/07/61', '1'),
(1474, '03610023', '80', 1000.00, 'de', '2018-07-08 18:15:52', '08/07/61', '1'),
(1475, '02590074', '80', 13000.00, 'de', '2018-07-08 18:16:25', '08/07/61', '1'),
(1476, '01570104', '80', 200.00, 'de', '2018-07-08 18:17:03', '08/07/61', '1'),
(1477, '01570105', '80', 200.00, 'de', '2018-07-08 18:17:23', '08/07/61', '1'),
(1478, '01510043', '80', 10000.00, 'de', '2018-07-08 18:17:50', '08/07/61', '1'),
(1479, '04580082', '80', 1500.00, 'de', '2018-07-08 18:18:24', '08/07/61', '1'),
(1480, '02500015', '80', 20000.00, 'de', '2018-07-08 18:19:00', '08/07/61', '1'),
(1481, '-1600174', '80', 500.00, 'de', '2018-06-10 00:00:00', '10/06/61', '1'),
(1482, '-1600174', '80', 2500.00, 'de', '2018-06-10 00:00:00', '10/06/61', '1'),
(1483, '01610174', '80', 500.00, 'de', '2018-07-08 00:00:00', '08/07/61', '1'),
(1484, '-1610174', '80', 500.00, 'de', '2018-07-08 18:57:42', '08/07/61', '1'),
(1485, '-1600174', '80', 2500.00, 'de', '2018-06-10 00:00:00', '10/06/61', '1'),
(1486, '02610077', '80', 10300.00, 'de', '2018-05-13 00:00:00', '13/05/61', '1'),
(1487, '02610077', '80', 1000.00, 'de', '2018-06-10 00:00:00', '10/06/61', '1'),
(1488, '02610077', '80', 1000.00, 'de', '2018-07-08 00:00:00', '08/07/61', '1'),
(1489, '01610174', '80', 500.00, 'de', '2018-06-10 00:00:00', '10/06/61', '1'),
(1490, '01610174', '80', 2500.00, 'de', '2018-06-10 00:00:00', '10/06/61', '1'),
(1491, '04510018', '80', 1000.00, 'de', '2018-07-08 19:44:18', '08/07/61', '1'),
(1492, '04560059', '80', 2500.00, 'de', '2018-07-08 19:44:45', '08/07/61', '1'),
(1493, '04600099', '80', 4000.00, 'de', '2018-07-08 19:45:28', '08/07/61', '1'),
(1494, '04560060', '80', 1000.00, 'de', '2018-07-08 19:45:59', '08/07/61', '1'),
(1495, '04560061', '80', 1000.00, 'de', '2018-07-08 19:46:28', '08/07/61', '1'),
(1496, '04590093', '80', -4000.00, 'wi', '2018-07-08 19:46:56', '08/07/61', '1'),
(1497, '01580122', '80', -6000.00, 'wi', '2018-07-08 19:47:56', '08/07/61', '1'),
(1498, '02540053', '80', -4000.00, 'wi', '2018-07-08 19:49:08', '08/07/61', '1'),
(1499, '01550094', '80', 6000.00, 'de', '2018-07-08 19:49:40', '08/07/61', '1'),
(1500, '01590141', '81', 834.00, 'de', '2018-08-05 13:27:46', '05/08/61', '1'),
(1501, '04540040', '81', 1000.00, 'de', '2018-08-05 13:33:36', '05/08/61', '1'),
(1502, '03610023', '81', 1000.00, 'de', '2018-08-05 13:36:25', '05/08/61', '1'),
(1503, '01500024', '81', 500.00, 'de', '2018-08-05 13:37:53', '05/08/61', '1'),
(1504, '01610169', '81', 1000.00, 'de', '2018-06-03 00:00:00', '03/06/61', '1'),
(1505, '01610169', '81', 500.00, 'de', '2018-08-05 13:39:58', '05/08/61', '1'),
(1506, '04530034', '81', 10000.00, 'de', '2010-09-05 00:00:00', '05/09/53', '1'),
(1507, '04530034', '81', 500.00, 'de', '2011-03-06 00:00:00', '06/03/54', '1'),
(1508, '04530034', '81', 400.00, 'de', '2011-09-05 00:00:00', '05/09/54', '1'),
(1509, '04530034', '81', 20.00, 'de', '2012-03-06 00:00:00', '06/03/55', '1'),
(1510, '04530034', '81', 416.00, 'de', '2012-09-05 00:00:00', '05/09/55', '1'),
(1511, '04530034', '81', 20.80, 'de', '2013-03-06 00:00:00', '06/03/56', '1'),
(1512, '04530034', '81', 432.64, 'de', '2013-09-05 00:00:00', '05/09/56', '1'),
(1513, '04530034', '81', 21.63, 'de', '2014-03-06 00:00:00', '06/03/57', '1'),
(1514, '04530034', '81', 449.94, 'de', '2014-09-05 00:00:00', '05/09/57', '1'),
(1515, '04530034', '81', 22.49, 'de', '2015-03-06 00:00:00', '06/03/58', '1'),
(1516, '04530034', '81', 467.94, 'de', '2015-09-05 00:00:00', '05/09/58', '1'),
(1517, '04530034', '81', 3000.00, 'de', '2016-01-03 00:00:00', '03/01/59', '1'),
(1518, '04530034', '81', 23.39, 'de', '2016-03-06 00:00:00', '06/03/59', '1'),
(1519, '04610106', '81', 2000.00, 'de', '2018-08-05 14:20:25', '05/08/61', '1'),
(1520, '04530034', '81', 486.66, 'de', '2016-09-05 00:00:00', '05/09/59', '1'),
(1521, '04530034', '81', 120.00, 'de', '2017-01-03 00:00:00', '03/01/60', '1'),
(1522, '04530034', '81', 24.33, 'de', '2017-03-06 00:00:00', '06/03/60', '1'),
(1523, '04530034', '81', 5000.00, 'de', '2018-08-05 14:25:51', '05/08/61', '1'),
(1524, '01610173', '81', 100.00, 'de', '2018-08-05 14:40:51', '05/08/61', '1'),
(1525, '01600162', '81', 200.00, 'de', '2018-08-05 14:41:48', '05/08/61', '1'),
(1526, '01580119', '81', 400.00, 'de', '2018-08-05 14:43:00', '05/08/61', '1'),
(1527, '01580116', '81', 500.00, 'de', '2018-08-05 15:00:40', '05/08/61', '1'),
(1528, '01580130', '81', 300.00, 'de', '2018-06-03 00:00:00', '03/06/61', '1'),
(1529, '01580130', '81', 300.00, 'de', '2018-08-05 16:24:10', '05/08/61', '1'),
(1530, '01500017', '81', 200.00, 'de', '2018-08-05 16:29:58', '05/08/61', '1'),
(1531, '01540076', '81', 100.00, 'de', '2018-08-05 16:30:33', '05/08/61', '1'),
(1532, '01580120', '81', 100.00, 'de', '2018-08-05 16:32:03', '05/08/61', '1'),
(1533, '01580132', '81', 500.00, 'de', '2018-08-05 16:32:24', '05/08/61', '1'),
(1534, '01610167', '81', 500.00, 'de', '2018-08-05 16:32:36', '05/08/61', '1'),
(1535, '01600164', '81', 100.00, 'de', '2018-08-05 16:32:46', '05/08/61', '1'),
(1536, '01570110', '81', 500.00, 'de', '2018-08-05 16:32:56', '05/08/61', '1'),
(1537, '01560096', '81', 2300.00, 'de', '2018-08-05 16:33:07', '05/08/61', '1'),
(1538, '01580121', '81', 500.00, 'de', '2018-08-05 16:33:51', '05/08/61', '1'),
(1539, '01590149', '81', 500.00, 'de', '2018-08-05 16:34:34', '05/08/61', '1'),
(1540, '01580128', '81', 400.00, 'de', '2018-08-05 16:35:03', '05/08/61', '1'),
(1541, '01580138', '81', 100.00, 'de', '2018-08-05 16:35:15', '05/08/61', '1'),
(1542, '01600150', '81', -2500.00, 'wi', '2018-08-05 16:38:51', '05/08/61', '1'),
(1543, '02500016', '81', 1000.00, 'de', '2018-08-05 16:40:11', '05/08/61', '1'),
(1544, '03500002', '81', 715.28, 'de', '2018-08-05 16:42:06', '05/08/61', '1'),
(1545, '04600098', '81', 1000.00, 'de', '2018-08-05 16:44:49', '05/08/61', '1'),
(1546, '04530026', '81', -800.00, 'wi', '2018-08-05 16:45:45', '05/08/61', '1'),
(1547, '01600151', '81', 100.00, 'de', '2018-08-05 16:48:51', '05/08/61', '1'),
(1548, '04580090', '81', 2000.00, 'de', '2018-08-05 16:49:38', '05/08/61', '1'),
(1549, '01550094', '81', -24000.00, 'wi', '2018-08-05 17:33:57', '05/08/61', '1'),
(1550, '01570104', '81', 200.00, 'de', '2018-08-12 17:07:18', '12/08/61', '1'),
(1551, '01570105', '81', 200.00, 'de', '2018-08-12 17:07:43', '12/08/61', '1'),
(1552, '02590074', '81', 5000.00, 'de', '2018-08-12 17:08:02', '12/08/61', '1'),
(1553, '01510043', '81', 12000.00, 'de', '2018-08-12 18:36:04', '12/08/61', '1'),
(1554, '01610169', '81', 500.00, 'de', '2018-08-12 18:39:42', '12/08/61', '1'),
(1555, '01500024', '81', 500.00, 'de', '2018-08-12 18:40:01', '12/08/61', '1'),
(1556, '01530063', '81', 1000.00, 'de', '2018-08-12 18:40:22', '12/08/61', '1'),
(1557, '-2590074', '81', 5000.00, 'de', '2018-08-12 18:43:25', '12/08/61', '1'),
(1558, '03610023', '81', 1000.00, 'de', '2018-08-12 18:45:46', '12/08/61', '1'),
(1559, '04580082', '81', 1000.00, 'de', '2018-08-12 18:46:15', '12/08/61', '1'),
(1560, '04600100', '81', 2000.00, 'de', '2018-08-12 18:46:44', '12/08/61', '1'),
(1561, '04500011', '81', -5000.00, 'wi', '2018-08-12 18:48:22', '12/08/61', '1'),
(1562, '04580089', '81', -11200.00, 'wi', '2018-08-12 18:51:10', '12/08/61', '1'),
(1563, '04570080', '81', -9260.00, 'wi', '2018-08-12 18:52:19', '12/08/61', '1'),
(1564, '02530045', '81', -3000.00, 'wi', '2018-08-12 18:53:07', '12/08/61', '1'),
(1565, '-1510043', '81', 12000.00, 'de', '2018-08-12 19:03:59', '12/08/61', '1'),
(1566, '-3520008', '81', 63207.44, 'bl', '2018-08-12 00:00:00', '12/08/61', ''),
(1567, '-3520008', '81', 63.00, 'bl', '2017-01-01 00:00:00', '01/01/60', ''),
(1568, '03520008', '81', 63207.44, 'bl', '2017-01-01 00:00:00', '01/01/60', ''),
(1569, '03520008', '81', -55000.00, 'wi', '2018-08-12 19:09:10', '12/08/61', '1'),
(1570, '02610077', '81', 1000.00, 'de', '2018-08-12 19:21:23', '12/08/61', '1'),
(1571, '04510018', '81', 1000.00, 'de', '2018-08-12 19:21:41', '12/08/61', '1'),
(1572, '01610174', '81', 1000.00, 'de', '2018-08-12 19:21:58', '12/08/61', '1'),
(1573, '03540012', '81', 25625.00, 'de', '2018-08-12 20:10:00', '12/08/61', '1'),
(1574, '01600164', '81', 100.00, 'de', '2018-09-02 14:46:46', '02/09/61', '1'),
(1575, '01610172', '81', 100.00, 'de', '2018-09-02 15:37:13', '02/09/61', '1'),
(1576, '04610106', '81', 1000.00, 'de', '2018-09-02 15:49:49', '02/09/61', '1'),
(1577, '02530046', '81', -5000.00, 'wi', '2018-09-02 15:51:10', '02/09/61', '1'),
(1578, '01580138', '81', 100.00, 'de', '2018-09-02 15:52:26', '02/09/61', '1'),
(1579, '01540076', '81', 100.00, 'de', '2018-09-02 15:52:49', '02/09/61', '1'),
(1580, '01500017', '81', 200.00, 'de', '2018-09-02 15:53:25', '02/09/61', '1'),
(1581, '01500015', '81', 1000.00, 'de', '2018-09-02 15:54:07', '02/09/61', '1'),
(1582, '01580116', '81', 500.00, 'de', '2018-09-02 15:54:37', '02/09/61', '1'),
(1583, '01590149', '81', 500.00, 'de', '2018-09-02 15:55:23', '02/09/61', '1'),
(1584, '01580128', '81', 1000.00, 'de', '2018-09-02 15:58:19', '02/09/61', '1'),
(1585, '01610168', '81', 7701.00, 'de', '2018-09-02 15:59:21', '02/09/61', '1'),
(1586, '01610168', '81', 8961.00, 'de', '2018-09-02 16:00:30', '02/09/61', '1'),
(1587, '01580129', '81', 120.00, 'de', '2018-09-02 16:01:02', '02/09/61', '1'),
(1588, '01570110', '81', 500.00, 'de', '2018-09-02 16:01:26', '02/09/61', '1'),
(1589, '01580120', '81', 100.00, 'de', '2018-09-02 16:02:57', '02/09/61', '1'),
(1590, '01610167', '81', 500.00, 'de', '2018-09-02 16:04:40', '02/09/61', '1'),
(1591, '01610169', '81', 500.00, 'de', '2018-09-02 16:05:09', '02/09/61', '1'),
(1592, '01500024', '81', 500.00, 'de', '2018-09-02 16:05:30', '02/09/61', '1'),
(1593, '-1610172', '81', 100.00, 'de', '2018-09-02 16:05:55', '02/09/61', '1'),
(1594, '01600151', '81', 100.00, 'de', '2018-09-02 16:06:44', '02/09/61', '1'),
(1595, '01580132', '81', 500.00, 'de', '2018-09-02 16:07:19', '02/09/61', '1'),
(1596, '01580130', '81', 300.00, 'de', '2018-09-02 16:07:56', '02/09/61', '1'),
(1597, '04600098', '81', 1000.00, 'de', '2018-09-02 16:08:33', '02/09/61', '1'),
(1598, '04530026', '81', -12880.00, 'wi', '2018-09-02 16:09:47', '02/09/61', '1'),
(1599, '04570081', '81', -1000.00, 'wi', '2018-09-02 16:10:18', '02/09/61', '1'),
(1600, '02500015', '81', -2000.00, 'wi', '2018-09-02 16:10:39', '02/09/61', '1'),
(1601, '03610023', '81', 1000.00, 'de', '2018-09-02 16:11:00', '02/09/61', '1'),
(1602, '04540040', '81', 1000.00, 'de', '2018-09-02 16:14:57', '02/09/61', '1'),
(1603, '04600101', '81', -10000.00, 'wi', '2018-09-02 16:38:45', '02/09/61', '1'),
(1604, '04570074', '81', -28000.00, 'wi', '2018-09-02 16:55:58', '02/09/61', '1'),
(1605, '04570074', '81', 2000.00, 'in', '2018-04-08 00:00:00', '08/04/61', ''),
(1606, '04570074', '81', 16000.00, 'in', '2018-05-06 00:00:00', '06/05/61', ''),
(1607, '04570074', '81', 800.00, 'in', '2018-06-03 00:00:00', '03/06/61', ''),
(1608, '04570074', '81', 8000.00, 'in', '2018-08-05 00:00:00', '05/08/61', ''),
(1609, '04570074', '81', 16000.00, 'in', '2018-09-02 00:00:00', '02/09/61', ''),
(1610, '04570074', '81', 4000.00, 'in', '2018-09-02 00:00:00', '02/09/61', ''),
(1611, '04580090', '81', 1000.00, 'de', '2018-09-02 17:04:31', '02/09/61', '1'),
(1612, '02510034', '81', 40000.00, 'de', '2018-09-02 17:08:31', '02/09/61', '1'),
(1613, '02580072', '81', -15000.00, 'wi', '2018-09-02 17:09:35', '02/09/61', '1'),
(1614, '01580119', '81', 400.00, 'de', '2018-09-09 20:00:44', '09/09/61', '1'),
(1615, '01600162', '81', 1000.00, 'de', '2018-09-09 20:02:26', '09/09/61', '1'),
(1616, '01610173', '81', 100.00, 'de', '2018-09-09 20:03:19', '09/09/61', '1'),
(1617, '01610174', '81', 500.00, 'de', '2018-09-09 20:04:16', '09/09/61', '1'),
(1618, '01610178', '81', 500.00, 'de', '2018-09-09 20:08:12', '09/09/61', '1'),
(1619, '01500024', '81', 500.00, 'de', '2018-09-09 20:08:39', '09/09/61', '1'),
(1620, '01520048', '81', 700.00, 'de', '2018-09-09 20:09:59', '09/09/61', '1'),
(1621, '01610169', '81', 500.00, 'de', '2018-09-09 20:10:28', '09/09/61', '1'),
(1622, '01590141', '81', 443.00, 'de', '2018-09-09 20:10:51', '09/09/61', '1'),
(1623, '01510043', '81', 32000.00, 'de', '2018-09-09 20:11:17', '09/09/61', '1'),
(1624, '01540075', '81', -14000.00, 'wi', '2018-09-09 20:11:41', '09/09/61', '1'),
(1625, '03610023', '81', 1000.00, 'de', '2018-09-09 20:12:00', '09/09/61', '1'),
(1626, '03540012', '81', 4953.00, 'de', '2018-09-09 20:12:18', '09/09/61', '1'),
(1627, '03550019', '81', -15000.00, 'wi', '2018-09-09 20:12:45', '09/09/61', '1'),
(1628, '02610077', '81', 1000.00, 'de', '2018-09-09 20:13:09', '09/09/61', '1'),
(1629, '04560061', '81', 1000.00, 'de', '2018-09-09 20:13:34', '09/09/61', '1'),
(1630, '04560060', '81', 1000.00, 'de', '2018-09-09 20:13:50', '09/09/61', '1'),
(1631, '04510018', '81', 1000.00, 'de', '2018-09-09 20:14:12', '09/09/61', '1'),
(1632, '04550049', '81', 2000.00, 'de', '2018-09-09 20:14:37', '09/09/61', '1'),
(1633, '04580082', '81', 1000.00, 'de', '2018-09-09 20:14:59', '09/09/61', '1'),
(1634, '04600099', '81', 4000.00, 'de', '2018-09-09 20:15:26', '09/09/61', '1'),
(1635, '04520021', '81', -5000.00, 'wi', '2018-09-09 20:15:48', '09/09/61', '1'),
(1636, '01580128', '81', 500.00, 'de', '2018-10-07 14:53:59', '07/10/61', '1'),
(1637, '01610179', '81', 300.00, 'de', '2018-10-07 14:56:16', '07/10/61', '1'),
(1638, '01590149', '81', 500.00, 'de', '2018-10-07 14:57:35', '07/10/61', '1'),
(1639, '01610173', '81', 100.00, 'de', '2018-10-07 15:01:09', '07/10/61', '1'),
(1640, '01600162', '81', 300.00, 'de', '2018-10-07 15:01:31', '07/10/61', '1'),
(1641, '01610167', '81', 500.00, 'de', '2018-10-07 15:03:47', '07/10/61', '1'),
(1642, '01530063', '81', 1000.00, 'de', '2018-10-07 15:04:16', '07/10/61', '1'),
(1643, '01590141', '81', 845.00, 'de', '2018-10-07 15:04:59', '07/10/61', '1'),
(1644, '01540076', '81', 100.00, 'de', '2018-10-07 15:05:24', '07/10/61', '1'),
(1645, '01580120', '81', 100.00, 'de', '2018-10-07 15:05:43', '07/10/61', '1'),
(1646, '01580138', '81', 100.00, 'de', '2018-10-07 15:06:10', '07/10/61', '1'),
(1647, '02500016', '81', 1000.00, 'de', '2018-10-07 15:06:51', '07/10/61', '1'),
(1648, '01600164', '81', 100.00, 'de', '2018-10-07 15:07:36', '07/10/61', '1'),
(1649, '01570110', '81', 500.00, 'de', '2018-10-07 15:08:00', '07/10/61', '1'),
(1650, '01610169', '81', 500.00, 'de', '2018-10-07 15:09:40', '07/10/61', '1'),
(1651, '01610169', '81', -5000.00, 'wi', '2018-10-07 15:10:05', '07/10/61', '1'),
(1652, '01500024', '81', -5000.00, 'wi', '2018-10-07 15:11:04', '07/10/61', '1'),
(1653, '01500024', '81', 500.00, 'de', '2018-10-07 15:11:27', '07/10/61', '1'),
(1654, '03610023', '81', 1000.00, 'de', '2018-10-07 15:12:20', '07/10/61', '1'),
(1655, '04610106', '81', 2000.00, 'de', '2018-10-07 15:13:13', '07/10/61', '1'),
(1656, '04520021', '81', 1000.00, 'de', '2018-10-07 15:14:12', '07/10/61', '1'),
(1657, '01580116', '81', 500.00, 'de', '2018-10-07 15:15:44', '07/10/61', '1'),
(1658, '01500015', '81', 500.00, 'de', '2018-10-07 15:16:04', '07/10/61', '1'),
(1659, '01570113', '81', -1000.00, 'wi', '2018-10-07 15:17:06', '07/10/61', '1'),
(1660, '04560059', '81', 1000.00, 'de', '2018-10-07 15:17:54', '07/10/61', '1'),
(1661, '01500017', '81', 200.00, 'de', '2018-10-07 15:18:15', '07/10/61', '1'),
(1662, '01580129', '81', 60.00, 'de', '2018-10-07 15:28:18', '07/10/61', '1'),
(1663, '04560060', '81', 1000.00, 'de', '2018-10-07 15:29:08', '07/10/61', '1'),
(1664, '04560061', '81', 1000.00, 'de', '2018-10-07 15:29:41', '07/10/61', '1'),
(1665, '04540040', '81', 1000.00, 'de', '2018-10-07 15:29:57', '07/10/61', '1'),
(1666, '04530026', '81', -600.00, 'wi', '2018-10-07 15:30:17', '07/10/61', '1'),
(1667, '01600151', '81', 100.00, 'de', '2018-10-07 15:41:40', '07/10/61', '1'),
(1668, '01610180', '81', 5000.00, 'de', '2018-10-07 15:54:22', '07/10/61', '1'),
(1669, '01580130', '81', 300.00, 'de', '2018-10-07 15:56:24', '07/10/61', '1'),
(1670, '02600076', '81', 2625.00, 'in', '2018-10-07 00:00:00', '07/10/61', ''),
(1671, '02600076', '81', -2625.00, 'wi', '2018-10-07 16:07:27', '07/10/61', '1'),
(1672, '01580132', '81', 500.00, 'de', '2018-10-07 16:11:20', '07/10/61', '1'),
(1673, '04600098', '81', 1000.00, 'de', '2018-10-07 16:11:51', '07/10/61', '1'),
(1674, '01560096', '81', 300.00, 'de', '2018-10-07 16:17:29', '07/10/61', '1'),
(1675, '04580090', '81', 2000.00, 'de', '2018-10-07 16:19:38', '07/10/61', '1'),
(1676, '04580082', '81', 1000.00, 'de', '2018-10-07 16:22:57', '07/10/61', '1'),
(1677, '04600099', '81', 2000.00, 'de', '2018-10-07 16:24:21', '07/10/61', '1'),
(1678, '04580091', '81', -5360.00, 'wi', '2018-10-07 16:25:22', '07/10/61', '1'),
(1679, '04580091', '81', 320.00, 'in', '2017-04-09 00:00:00', '09/04/60', ''),
(1680, '04580091', '81', 4320.00, 'in', '2017-12-03 00:00:00', '03/12/60', ''),
(1681, '04580091', '81', 640.00, 'in', '2017-04-02 00:00:00', '02/04/60', ''),
(1682, '04580091', '81', 640.00, 'in', '2018-04-08 00:00:00', '08/04/61', ''),
(1683, '04580091', '81', 400.00, 'in', '2018-08-05 00:00:00', '05/08/61', ''),
(1684, '04500011', '81', 281.44, 'in', '2017-06-04 00:00:00', '04/06/60', ''),
(1685, '04500011', '81', 457.53, 'in', '2017-07-02 00:00:00', '02/07/60', ''),
(1686, '04500011', '81', 692.23, 'in', '2017-08-06 00:00:00', '06/08/60', ''),
(1687, '04500011', '81', 930.14, 'in', '2017-09-03 00:00:00', '03/09/60', ''),
(1688, '04500011', '81', 160.09, 'in', '2017-10-01 00:00:00', '01/10/60', ''),
(1689, '04500011', '81', 106.24, 'in', '2017-11-05 00:00:00', '05/11/60', ''),
(1690, '04500011', '81', 261.77, 'in', '2017-12-03 00:00:00', '03/12/60', ''),
(1691, '04500011', '81', 66.56, 'in', '2018-01-07 00:00:00', '07/01/61', ''),
(1692, '04500011', '81', 71.99, 'in', '2018-03-04 00:00:00', '04/03/61', ''),
(1693, '04500011', '81', 117.49, 'in', '2018-04-01 00:00:00', '01/04/61', ''),
(1694, '04500011', '81', 117.49, 'in', '2018-05-06 00:00:00', '06/05/61', ''),
(1695, '04500011', '81', 292.73, 'in', '2018-06-03 00:00:00', '03/06/61', ''),
(1696, '04500011', '81', 475.83, 'in', '2018-07-01 00:00:00', '01/07/61', ''),
(1697, '04500011', '81', 559.92, 'in', '2018-08-12 00:00:00', '12/08/61', ''),
(1698, '01560096', '81', 200.00, 'de', '2018-10-07 16:52:13', '07/10/61', '1'),
(1699, '04500011', '81', -10000.00, 'wi', '2018-10-07 16:53:45', '07/10/61', '1'),
(1700, '01520048', '81', 500.00, 'de', '2018-10-14 18:09:16', '14/10/61', '1'),
(1701, '01610179', '81', 200.00, 'de', '2018-10-14 18:10:01', '14/10/61', '1'),
(1702, '01610169', '81', 500.00, 'de', '2018-10-14 18:11:08', '14/10/61', '1'),
(1703, '01500024', '81', 500.00, 'de', '2018-10-14 18:11:32', '14/10/61', '1'),
(1704, '-1510043', '81', 14600.00, 'de', '2018-10-14 18:11:58', '14/10/61', '1'),
(1705, '02590074', '81', -5000.00, 'wi', '2018-10-14 18:12:34', '14/10/61', '1'),
(1706, '03610023', '81', 1000.00, 'de', '2018-10-14 18:13:16', '14/10/61', '1'),
(1707, '04580082', '81', 2000.00, 'de', '2018-10-14 18:13:54', '14/10/61', '1'),
(1708, '01510043', '81', 16600.00, 'de', '2018-10-14 00:00:00', '14/10/61', '1'),
(1709, '04580092', '81', 1000.00, 'de', '2018-10-14 18:27:29', '14/10/61', '1'),
(1710, '04580092', '81', 1000.00, 'de', '2015-12-13 00:00:00', '13/12/58', '1'),
(1711, '04580092', '81', 2000.00, 'de', '2016-10-02 00:00:00', '02/10/59', '1'),
(1712, '04580092', '81', 1000.00, 'de', '2017-11-05 00:00:00', '05/11/60', '1'),
(1713, '04580092', '81', 40.00, 'in', '2018-10-14 00:00:00', '14/10/61', ''),
(1714, '04580092', '81', 80.00, 'in', '2017-10-01 00:00:00', '01/10/60', ''),
(1715, '04580092', '81', 41.60, 'in', '2017-12-03 00:00:00', '03/12/60', ''),
(1716, '02610077', '81', 1000.00, 'de', '2018-10-14 18:47:57', '14/10/61', '1'),
(1717, '04530036', '81', -20000.00, 'wi', '2018-10-14 18:48:34', '14/10/61', '1'),
(1718, '04550049', '81', 1000.00, 'de', '2018-10-14 18:49:09', '14/10/61', '1'),
(1719, '04510018', '81', 1000.00, 'de', '2018-10-14 18:49:25', '14/10/61', '1'),
(1720, '03540012', '81', 9844.00, 'de', '2018-10-14 18:49:49', '14/10/61', '1'),
(1721, '01580119', '81', 400.00, 'de', '2018-10-14 18:50:19', '14/10/61', '1'),
(1722, '01610168', '81', 9427.00, 'de', '2018-10-14 18:50:43', '14/10/61', '1'),
(1723, '01610174', '81', 500.00, 'de', '2018-10-14 18:51:03', '14/10/61', '1'),
(1724, '04500011', '81', -5300.00, 'wi', '2018-10-14 19:47:08', '14/10/61', '1'),
(1725, '01610173', '81', 100.00, 'de', '2018-11-04 15:47:47', '04/11/61', '1'),
(1726, '01580119', '81', 400.00, 'de', '2018-11-04 15:48:13', '04/11/61', '1'),
(1727, '01600162', '81', 200.00, 'de', '2018-11-04 15:48:32', '04/11/61', '1'),
(1728, '01580130', '81', 300.00, 'de', '2018-11-04 15:52:37', '04/11/61', '1'),
(1729, '01600151', '81', 100.00, 'de', '2018-11-04 15:53:40', '04/11/61', '1'),
(1730, '01610180', '81', 2000.00, 'de', '2018-11-04 16:04:36', '04/11/61', '1'),
(1731, '04580090', '81', 1000.00, 'de', '2018-11-04 16:05:07', '04/11/61', '1'),
(1732, '04610106', '81', 2000.00, 'de', '2018-11-04 16:05:31', '04/11/61', '1'),
(1733, '02500016', '81', 1000.00, 'de', '2018-11-04 16:05:51', '04/11/61', '1'),
(1734, '03610023', '81', 1000.00, 'de', '2018-11-04 16:06:14', '04/11/61', '1'),
(1735, '04530026', '81', -400.00, 'wi', '2018-11-04 16:06:38', '04/11/61', '1'),
(1736, '01610167', '81', 500.00, 'de', '2018-11-04 16:07:04', '04/11/61', '1'),
(1737, '04540041', '81', 100000.00, 'de', '2018-11-04 16:07:26', '04/11/61', '1'),
(1738, '01570110', '81', 400.00, 'de', '2018-11-04 16:08:26', '04/11/61', '1'),
(1739, '01500024', '81', 500.00, 'de', '2018-11-04 16:08:46', '04/11/61', '1'),
(1740, '01610179', '81', 300.00, 'de', '2018-11-04 16:09:22', '04/11/61', '1'),
(1741, '01610169', '81', 500.00, 'de', '2018-11-04 16:10:14', '04/11/61', '1'),
(1742, '01610169', '81', 500.00, 'de', '2018-11-04 16:10:38', '04/11/61', '1'),
(1743, '01580128', '81', 500.00, 'de', '2018-11-04 16:10:59', '04/11/61', '1'),
(1744, '01600164', '81', 100.00, 'de', '2018-11-04 16:11:23', '04/11/61', '1'),
(1745, '01590141', '81', 810.00, 'de', '2018-11-04 16:11:58', '04/11/61', '1'),
(1746, '01580129', '81', 60.00, 'de', '2018-11-04 16:12:20', '04/11/61', '1'),
(1747, '01580138', '81', 100.00, 'de', '2018-11-04 16:12:45', '04/11/61', '1'),
(1748, '01540076', '81', 100.00, 'de', '2018-11-04 16:13:06', '04/11/61', '1'),
(1749, '04600098', '81', 1000.00, 'de', '2018-11-04 16:13:26', '04/11/61', '1'),
(1750, '01580132', '81', 500.00, 'de', '2018-11-04 16:15:53', '04/11/61', '1'),
(1751, '01510044', '81', -46800.00, 'wi', '2018-11-04 16:23:48', '04/11/61', '1'),
(1752, '04590093', '81', -10000.00, 'wi', '2018-11-04 16:24:26', '04/11/61', '1'),
(1753, '04590093', '81', 1728.00, 'in', '2018-02-11 00:00:00', '11/02/61', ''),
(1754, '01580120', '81', 100.00, 'de', '2018-11-04 16:28:40', '04/11/61', '1'),
(1755, '04540040', '81', 1000.00, 'de', '2018-11-04 16:37:22', '04/11/61', '1'),
(1756, '04500011', '81', -5000.00, 'wi', '2018-11-04 16:37:48', '04/11/61', '1'),
(1757, '02500015', '81', -5000.00, 'wi', '2018-11-04 16:38:18', '04/11/61', '1'),
(1758, '01580128', '81', -10000.00, 'wi', '2018-11-04 17:46:24', '04/11/61', '1'),
(1759, '04510018', '81', 1000.00, 'de', '2018-11-11 18:16:30', '11/11/61', '1'),
(1760, '01520048', '81', 700.00, 'de', '2018-11-11 18:17:03', '11/11/61', '1'),
(1761, '01510043', '81', 10100.00, 'de', '2018-11-11 18:17:29', '11/11/61', '1'),
(1762, '03550018', '81', 5500.00, 'bl', '2015-12-13 00:00:00', '13/12/58', ''),
(1763, '03550018', '81', -4000.00, 'wi', '2016-09-11 00:00:00', '11/09/59', ''),
(1764, '03550018', '81', -1500.00, 'wi', '2018-11-11 18:21:58', '11/11/61', '1'),
(1765, '-1610174', '81', 1000.00, 'de', '2018-11-11 18:24:21', '11/11/61', '1'),
(1766, '02610077', '81', 1000.00, 'de', '2018-11-11 18:25:04', '11/11/61', '1'),
(1767, '04550049', '81', 1000.00, 'de', '2018-11-11 18:25:26', '11/11/61', '1'),
(1768, '01610179', '81', 200.00, 'de', '2018-11-11 18:25:48', '11/11/61', '1'),
(1769, '01610169', '81', 500.00, 'de', '2018-11-11 18:26:51', '11/11/61', '1'),
(1770, '01500024', '81', 500.00, 'de', '2018-11-11 18:27:31', '11/11/61', '1'),
(1771, '03610023', '81', 1000.00, 'de', '2018-11-11 18:27:54', '11/11/61', '1'),
(1772, '04600099', '81', 2000.00, 'de', '2018-11-11 18:28:21', '11/11/61', '1'),
(1773, '01610174', '81', 2300.00, 'de', '2018-11-11 00:00:00', '11/11/61', '1'),
(1774, '04560060', '81', 1000.00, 'de', '2018-11-11 18:37:35', '11/11/61', '1'),
(1775, '04560061', '81', 1000.00, 'de', '2018-11-11 18:37:52', '11/11/61', '1'),
(1776, '01600164', '81', 100.00, 'de', '2018-12-02 15:06:49', '02/12/61', '1'),
(1777, '01610172', '81', 200.00, 'de', '2018-12-02 15:07:06', '02/12/61', '1'),
(1778, '01580116', '81', 500.00, 'de', '2018-12-02 15:07:35', '02/12/61', '1'),
(1779, '01570105', '81', 200.00, 'de', '2018-12-02 15:08:20', '02/12/61', '1'),
(1780, '01570104', '81', 200.00, 'de', '2018-12-02 15:08:45', '02/12/61', '1'),
(1781, '01580128', '81', 13400.00, 'de', '2018-12-02 15:09:26', '02/12/61', '1'),
(1782, '01500017', '81', 500.00, 'de', '2018-12-02 15:10:43', '02/12/61', '1'),
(1783, '01610169', '81', 500.00, 'de', '2018-12-02 15:11:17', '02/12/61', '1'),
(1784, '01610179', '81', 300.00, 'de', '2018-12-02 15:11:47', '02/12/61', '1'),
(1785, '01500024', '81', 500.00, 'de', '2018-12-02 15:12:06', '02/12/61', '1'),
(1786, '01580138', '81', 100.00, 'de', '2018-12-02 15:15:13', '02/12/61', '1'),
(1787, '01540076', '81', 100.00, 'de', '2018-12-02 15:15:33', '02/12/61', '1'),
(1788, '01580120', '81', 100.00, 'de', '2018-12-02 15:15:52', '02/12/61', '1'),
(1789, '01580132', '81', 500.00, 'de', '2018-12-02 15:16:45', '02/12/61', '1'),
(1790, '-1500015', '81', -1000.00, 'wi', '2018-12-02 15:17:41', '02/12/61', '1'),
(1791, '02530046', '81', -3000.00, 'wi', '2018-12-02 15:22:01', '02/12/61', '1'),
(1792, '03550015', '81', 375.00, 'in', '2016-10-02 00:00:00', '02/10/59', ''),
(1793, '03550015', '81', 376.06, 'in', '2017-12-03 00:00:00', '03/12/60', ''),
(1794, '03550015', '81', 94.70, 'in', '2018-06-03 00:00:00', '03/06/61', ''),
(1795, '03550015', '81', 96.49, 'in', '2018-12-02 00:00:00', '02/12/61', ''),
(1796, '03550015', '81', -5242.25, 'wi', '2018-12-02 00:00:00', '02/12/61', ''),
(1797, '03540012', '81', 5151.00, 'de', '2018-12-02 15:34:53', '02/12/61', '1'),
(1798, '03610023', '81', 1000.00, 'de', '2018-12-02 15:35:14', '02/12/61', '1'),
(1799, '01580129', '81', 60.00, 'de', '2018-12-02 15:36:03', '02/12/61', '1'),
(1800, '01570110', '81', 200.00, 'de', '2018-12-02 15:36:26', '02/12/61', '1'),
(1801, '01600151', '81', 100.00, 'de', '2018-12-02 15:36:49', '02/12/61', '1'),
(1802, '04610106', '81', 2000.00, 'de', '2018-12-02 15:38:10', '02/12/61', '1'),
(1803, '04580090', '81', 2000.00, 'de', '2018-12-02 15:38:33', '02/12/61', '1'),
(1804, '04600098', '81', 1000.00, 'de', '2018-12-02 15:38:55', '02/12/61', '1'),
(1805, '04610107', '81', 500000.00, 'de', '2018-12-02 15:41:56', '02/12/61', '1'),
(1806, '04600101', '81', -20000.00, 'wi', '2018-12-02 15:42:37', '02/12/61', '1'),
(1807, '01610180', '81', 1000.00, 'de', '2018-12-02 16:07:12', '02/12/61', '1'),
(1808, '01580130', '81', 300.00, 'de', '2018-12-02 16:07:44', '02/12/61', '1'),
(1809, '01500015', '81', 1000.00, 'de', '2018-12-02 16:32:25', '02/12/61', '1'),
(1810, '04530032', '81', -50000.00, 'wi', '2018-12-02 16:35:28', '02/12/61', '1'),
(1811, '01600162', '81', 200.00, 'de', '2018-12-02 16:37:03', '02/12/61', '1'),
(1812, '01580119', '81', 400.00, 'de', '2018-12-02 16:38:58', '02/12/61', '1'),
(1813, '01610173', '81', 100.00, 'de', '2018-12-02 16:39:18', '02/12/61', '1'),
(1814, '04560061', '81', 1000.00, 'de', '2018-12-02 17:06:58', '02/12/61', '1'),
(1815, '04560060', '81', 1000.00, 'de', '2018-12-02 17:08:19', '02/12/61', '1'),
(1816, '01610169', '81', 500.00, 'de', '2018-12-09 18:19:28', '09/12/61', '1'),
(1817, '01500024', '81', 500.00, 'de', '2018-12-09 18:20:01', '09/12/61', '1'),
(1818, '01610179', '81', 200.00, 'de', '2018-12-09 18:20:40', '09/12/61', '1'),
(1819, '01510043', '81', 12000.00, 'de', '2018-12-09 18:21:27', '09/12/61', '1'),
(1820, '01610173', '81', 2000.00, 'de', '2018-12-09 18:21:51', '09/12/61', '1'),
(1821, '01610167', '81', 1000.00, 'de', '2018-12-09 18:22:09', '09/12/61', '1'),
(1822, '01530063', '81', 1500.00, 'de', '2018-12-09 18:22:27', '09/12/61', '1'),
(1823, '04540040', '81', 1000.00, 'de', '2018-12-09 18:22:52', '09/12/61', '1'),
(1824, '03610023', '81', 1000.00, 'de', '2018-12-09 18:23:18', '09/12/61', '1'),
(1825, '03520008', '81', 45000.00, 'de', '2018-12-09 18:23:39', '09/12/61', '1'),
(1826, '01610174', '81', 2200.00, 'de', '2018-12-09 18:39:14', '09/12/61', '1'),
(1827, '01520048', '81', 1000.00, 'de', '2018-12-09 18:39:48', '09/12/61', '1'),
(1828, '02610077', '81', 1000.00, 'de', '2018-12-09 18:40:12', '09/12/61', '1'),
(1829, '04510018', '81', 1000.00, 'de', '2018-12-09 18:40:30', '09/12/61', '1'),
(1830, '04610104', '81', -12000.00, 'wi', '2018-12-09 19:30:07', '09/12/61', '1'),
(1831, '01580138', '81', 100.00, 'de', '2019-01-06 17:08:45', '06/01/62', '1'),
(1832, '01600164', '81', 100.00, 'de', '2019-01-06 17:09:17', '06/01/62', '1'),
(1833, '01580120', '81', 100.00, 'de', '2019-01-06 17:12:04', '06/01/62', '1'),
(1834, '01540076', '81', 100.00, 'de', '2019-01-06 17:12:34', '06/01/62', '1'),
(1835, '01580130', '81', 300.00, 'de', '2019-01-06 17:12:52', '06/01/62', '1'),
(1836, '01580116', '81', 500.00, 'de', '2019-01-06 17:13:14', '06/01/62', '1'),
(1837, '01580128', '81', 400.00, 'de', '2019-01-06 17:13:38', '06/01/62', '1'),
(1838, '01610179', '81', 300.00, 'de', '2019-01-06 17:13:55', '06/01/62', '1'),
(1839, '01610169', '81', 500.00, 'de', '2019-01-06 17:14:14', '06/01/62', '1'),
(1840, '01500024', '81', 500.00, 'de', '2019-01-06 17:14:37', '06/01/62', '1'),
(1841, '01610167', '81', 1000.00, 'de', '2019-01-06 17:15:07', '06/01/62', '1'),
(1842, '01610180', '81', 2000.00, 'de', '2019-01-06 17:15:33', '06/01/62', '1'),
(1843, '01590141', '81', 700.00, 'de', '2019-01-06 17:15:56', '06/01/62', '1'),
(1844, '01500015', '81', 500.00, 'de', '2019-01-06 17:16:24', '06/01/62', '1'),
(1845, '01610168', '81', 19921.00, 'de', '2019-01-06 17:16:51', '06/01/62', '1'),
(1846, '01580129', '81', 60.00, 'de', '2019-01-06 17:17:07', '06/01/62', '1'),
(1847, '01530062', '81', 1197.25, 'bl', '2019-01-06 00:00:00', '06/01/62', ''),
(1848, '01530062', '81', -1197.25, 'wi', '2019-01-06 17:19:04', '06/01/62', '1'),
(1849, '01610177', '81', 100.00, 'de', '2019-01-06 17:23:38', '06/01/62', '1'),
(1850, '01610177', '81', 500.00, 'de', '2018-12-02 00:00:00', '02/12/61', '1'),
(1851, '01600151', '81', 100.00, 'de', '2019-01-06 17:25:07', '06/01/62', '1'),
(1852, '01600162', '81', 200.00, 'de', '2019-01-06 17:25:25', '06/01/62', '1'),
(1853, '01610173', '81', 100.00, 'de', '2019-01-06 17:25:58', '06/01/62', '1'),
(1854, '01580119', '81', 400.00, 'de', '2019-01-06 17:26:14', '06/01/62', '1'),
(1855, '01590143', '81', 500.00, 'de', '2019-01-06 17:26:34', '06/01/62', '1'),
(1856, '-1500024', '81', -5000.00, 'wi', '2019-01-06 17:27:14', '06/01/62', '1'),
(1857, '01610169', '81', -5000.00, 'wi', '2019-01-06 17:28:16', '06/01/62', '1'),
(1858, '02500016', '81', 1000.00, 'de', '2019-01-06 17:29:35', '06/01/62', '1'),
(1859, '02600076', '81', 2625.00, 'in', '2019-01-06 00:00:00', '06/01/62', ''),
(1860, '02600076', '81', -2625.00, 'wi', '2019-01-06 17:30:58', '06/01/62', '1'),
(1861, '03610023', '81', 1000.00, 'de', '2019-01-06 18:32:04', '06/01/62', '1'),
(1862, '03540012', '81', 18462.00, 'de', '2019-01-06 18:32:28', '06/01/62', '1'),
(1863, '03540012', '81', -81469.00, 'wi', '2019-01-06 18:32:51', '06/01/62', '1'),
(1864, '04560059', '81', 3000.00, 'de', '2019-01-06 18:33:14', '06/01/62', '1'),
(1865, '04610106', '81', 2000.00, 'de', '2019-01-06 18:33:37', '06/01/62', '1'),
(1866, '04580090', '81', 1000.00, 'de', '2019-01-06 18:33:58', '06/01/62', '1'),
(1867, '04540040', '81', 1000.00, 'de', '2019-01-06 18:34:21', '06/01/62', '1'),
(1868, '04530029', '81', 50000.00, 'de', '2019-01-06 18:34:47', '06/01/62', '1'),
(1869, '04580090', '81', -40000.00, 'wi', '2019-01-06 18:35:09', '06/01/62', '1'),
(1870, '04600098', '81', -20000.00, 'wi', '2019-01-06 18:35:34', '06/01/62', '1'),
(1871, '01510043', '81', 23400.00, 'de', '2019-01-06 19:13:01', '06/01/62', '1'),
(1872, '01570105', '81', 200.00, 'de', '2019-01-06 19:39:42', '06/01/62', '1'),
(1873, '01570105', '81', 200.00, 'de', '2019-01-06 19:40:38', '06/01/62', '1'),
(1874, '04600099', '81', 1869.40, 'in', '2018-05-06 00:00:00', '06/05/61', ''),
(1875, '04600099', '81', 80.00, 'in', '2018-06-03 00:00:00', '03/06/61', ''),
(1876, '04600099', '81', 40.00, 'in', '2018-07-08 00:00:00', '08/07/61', ''),
(1877, '04600099', '81', 80.00, 'in', '2018-08-05 00:00:00', '05/08/61', ''),
(1878, '04600099', '81', 200.00, 'in', '2018-09-09 00:00:00', '09/09/61', ''),
(1879, '04600099', '81', 80.00, 'in', '2018-10-07 00:00:00', '07/10/61', ''),
(1880, '04600099', '81', -20000.00, 'wi', '2019-01-13 00:00:00', '13/01/62', ''),
(1881, '04600099', '81', 46735.00, 'bl', '2017-05-07 00:00:00', '07/05/60', ''),
(1882, '03610023', '81', 1000.00, 'de', '2019-01-13 20:12:26', '13/01/62', '1'),
(1883, '03610023', '81', -50000.00, 'wi', '2019-01-13 20:13:01', '13/01/62', '1'),
(1884, '01500024', '81', 500.00, 'de', '2019-01-13 00:00:00', '13/01/62', '1'),
(1885, '01610169', '81', 500.00, 'de', '2019-01-13 20:19:06', '13/01/62', '1'),
(1886, '01610179', '81', 200.00, 'de', '2019-01-13 20:20:28', '13/01/62', '1'),
(1887, '01590143', '81', 500.00, 'de', '2019-01-13 20:22:50', '13/01/62', '1'),
(1888, '01610174', '81', 500.00, 'de', '2019-01-13 20:24:26', '13/01/62', '1'),
(1889, '01600163', '81', -10000.00, 'wi', '2019-01-13 20:24:51', '13/01/62', '1'),
(1890, '01590143', '81', 500.00, 'de', '2016-04-10 00:00:00', '10/04/59', '1'),
(1891, '01590143', '81', 500.00, 'de', '2016-11-06 00:00:00', '06/11/59', '1'),
(1892, '01590141', '81', -500.00, 'wi', '2019-01-13 20:28:15', '13/01/62', '1'),
(1893, '01500028', '81', -20000.00, 'wi', '2019-01-13 20:28:40', '13/01/62', '1'),
(1894, '01550094', '81', -115523.35, 'wi', '2019-01-13 20:30:56', '13/01/62', '1'),
(1895, '01550094', '81', 67.98, 'in', '2012-12-31 00:00:00', '31/12/55', ''),
(1896, '01550094', '81', 540.56, 'in', '2013-12-31 00:00:00', '31/12/56', ''),
(1897, '01550094', '81', 983.60, 'in', '2014-12-31 00:00:00', '31/12/57', ''),
(1898, '01550094', '81', 1302.48, 'in', '2015-12-31 00:00:00', '31/12/58', ''),
(1899, '01550094', '81', 1318.75, 'in', '2016-12-31 00:00:00', '31/12/59', ''),
(1900, '01550094', '81', 1387.31, 'in', '2017-12-31 00:00:00', '31/12/60', ''),
(1901, '01550094', '81', 1314.67, 'in', '2018-12-31 00:00:00', '31/12/61', ''),
(1902, '-1570110', '81', 208.00, 'in', '2015-12-31 00:00:00', '31/12/58', ''),
(1903, '01570110', '81', 65.31, 'in', '2016-12-31 00:00:00', '31/12/59', ''),
(1904, '01570110', '81', 120.10, 'in', '2017-12-31 00:00:00', '31/12/60', ''),
(1905, '01570110', '81', 81.35, 'in', '2018-12-31 00:00:00', '31/12/61', ''),
(1906, '01570110', '81', 2.08, 'in', '2015-12-31 00:00:00', '31/12/58', ''),
(1907, '02610077', '81', 1000.00, 'de', '2019-01-13 20:50:21', '13/01/62', '1'),
(1908, '04510018', '81', 1000.00, 'de', '2019-01-13 20:51:15', '13/01/62', '1'),
(1909, '04530026', '81', 20000.00, 'de', '2019-01-13 20:51:35', '13/01/62', '1'),
(1910, '-4600099', '81', -20000.00, 'wi', '2019-01-13 20:52:06', '13/01/62', '1'),
(1911, '04540040', '81', 1000.00, 'de', '2011-04-03 00:00:00', '03/04/54', '1'),
(1912, '04540040', '81', 1000.00, 'de', '2011-05-01 00:00:00', '01/05/54', '1'),
(1913, '-4540040', '81', 1000.00, 'de', '2011-07-03 00:00:00', '03/07/54', '1'),
(1914, '-4540040', '81', 2000.00, 'de', '2019-01-13 00:00:00', '13/01/62', '1'),
(1915, '04540040', '81', 2000.00, 'de', '2011-07-03 00:00:00', '03/07/54', '1'),
(1916, '04540040', '81', 1000.00, 'de', '2011-08-07 00:00:00', '07/08/54', '1'),
(1917, '04540040', '81', 1000.00, 'de', '2011-09-04 00:00:00', '04/09/54', '1'),
(1918, '04540040', '81', 1000.00, 'de', '2011-11-06 00:00:00', '06/11/54', '1'),
(1919, '04540040', '81', 1000.00, 'de', '2011-12-04 00:00:00', '04/12/54', '1'),
(1920, '04540040', '81', 1000.00, 'de', '2012-02-05 00:00:00', '05/02/55', '1');
INSERT INTO `eventbank` (`num`, `bankid`, `workno`, `income`, `code`, `createdate`, `deptime`, `time`) VALUES
(1921, '04540040', '81', 1000.00, 'de', '2012-03-04 00:00:00', '04/03/55', '1'),
(1922, '04540040', '81', 1000.00, 'de', '2012-04-01 00:00:00', '01/04/55', '1'),
(1923, '04540040', '81', 1000.00, 'de', '2019-01-13 00:00:00', '13/01/62', '1'),
(1924, '04540040', '81', 1000.00, 'de', '2012-06-03 00:00:00', '03/06/55', '1'),
(1925, '04540040', '81', 1000.00, 'de', '2012-07-01 00:00:00', '01/07/55', '1'),
(1926, '04540040', '81', 1000.00, 'de', '2012-08-05 00:00:00', '05/08/55', '1'),
(1927, '04540040', '81', 1000.00, 'de', '2012-09-02 00:00:00', '02/09/55', '1'),
(1928, '04540040', '81', 1000.00, 'de', '2012-10-07 00:00:00', '07/10/55', '1'),
(1929, '04540040', '81', 1000.00, 'de', '2012-11-04 00:00:00', '04/11/55', '1'),
(1930, '04540040', '81', 1000.00, 'de', '2012-12-02 00:00:00', '02/12/55', '1'),
(1931, '01500015', '81', 500.00, 'de', '2019-02-03 16:31:38', '03/02/62', '1'),
(1932, '01500017', '81', 300.00, 'de', '2019-02-03 16:32:04', '03/02/62', '1'),
(1933, '01580119', '81', 400.00, 'de', '2019-02-03 16:33:30', '03/02/62', '1'),
(1934, '01600162', '81', 200.00, 'de', '2019-02-03 16:34:04', '03/02/62', '1'),
(1935, '01570105', '81', 200.00, 'de', '2019-02-03 16:34:47', '03/02/62', '1'),
(1936, '01570104', '81', 200.00, 'de', '2019-02-03 16:40:15', '03/02/62', '1'),
(1937, '01500024', '81', 1000.00, 'de', '2019-02-03 16:40:42', '03/02/62', '1'),
(1938, '01610169', '81', 1000.00, 'de', '2019-02-03 16:41:12', '03/02/62', '1'),
(1939, '01610179', '81', 500.00, 'de', '2019-02-03 16:41:32', '03/02/62', '1'),
(1940, '01580138', '81', 100.00, 'de', '2019-02-03 16:42:13', '03/02/62', '1'),
(1941, '01540076', '81', 100.00, 'de', '2019-02-03 16:42:34', '03/02/62', '1'),
(1942, '01580120', '81', 100.00, 'de', '2019-02-03 16:42:58', '03/02/62', '1'),
(1943, '01620181', '81', 500.00, 'de', '2019-02-03 16:46:14', '03/02/62', '1'),
(1944, '01580116', '81', 500.00, 'de', '2019-02-03 16:46:37', '03/02/62', '1'),
(1945, '04540040', '81', 1000.00, 'de', '2019-02-03 16:47:12', '03/02/62', '1'),
(1946, '01580128', '81', 500.00, 'de', '2019-02-03 16:47:31', '03/02/62', '1'),
(1947, '01580129', '81', 60.00, 'de', '2019-02-03 16:47:50', '03/02/62', '1'),
(1948, '01600151', '81', 100.00, 'de', '2019-02-03 16:48:14', '03/02/62', '1'),
(1949, '01580130', '81', 300.00, 'de', '2019-02-03 16:49:00', '03/02/62', '1'),
(1950, '01610173', '81', 100.00, 'de', '2019-02-03 16:49:25', '03/02/62', '1'),
(1951, '01520048', '81', 500.00, 'de', '2019-02-03 16:49:48', '03/02/62', '1'),
(1952, '02500016', '81', 1000.00, 'de', '2019-02-03 16:50:33', '03/02/62', '1'),
(1953, '02590074', '81', 5000.00, 'de', '2019-02-03 16:50:51', '03/02/62', '1'),
(1954, '02500015', '81', -2000.00, 'wi', '2019-02-03 16:51:15', '03/02/62', '1'),
(1955, '04620108', '81', 2000.00, 'de', '2019-02-03 16:53:57', '03/02/62', '1'),
(1956, '04610106', '81', 2000.00, 'de', '2019-02-03 16:55:38', '03/02/62', '1'),
(1957, '04580082', '81', 5000.00, 'de', '2019-02-03 16:56:01', '03/02/62', '1'),
(1958, '04560060', '81', 1000.00, 'de', '2019-02-03 16:57:10', '03/02/62', '1'),
(1959, '04560061', '81', 1000.00, 'de', '2019-02-03 16:57:33', '03/02/62', '1'),
(1960, '04560059', '81', 1000.00, 'de', '2019-02-03 17:06:27', '03/02/62', '1'),
(1961, '04560059', '81', 181.53, 'in', '2018-01-01 00:00:00', '01/01/61', ''),
(1962, '04560059', '81', 75.47, 'in', '2018-02-01 00:00:00', '01/02/61', ''),
(1963, '04560059', '81', 75.47, 'in', '2019-03-01 00:00:00', '01/03/62', ''),
(1964, '04560059', '81', 75.47, 'in', '2018-04-01 00:00:00', '01/04/61', ''),
(1965, '04560059', '81', 157.42, 'in', '2018-05-01 00:00:00', '01/05/61', ''),
(1966, '04560059', '81', 150.85, 'in', '2018-06-01 00:00:00', '01/06/61', ''),
(1967, '04560059', '81', 197.86, 'in', '2018-07-01 00:00:00', '01/07/61', ''),
(1968, '04560059', '81', 225.29, 'in', '2018-08-01 00:00:00', '01/08/61', ''),
(1969, '04560059', '81', 198.88, 'in', '2018-09-01 00:00:00', '01/09/61', ''),
(1970, '04560059', '81', 238.54, 'in', '2018-10-01 00:00:00', '01/10/61', ''),
(1971, '04560059', '81', 116.90, 'in', '2018-11-01 00:00:00', '01/11/61', ''),
(1972, '04560059', '81', 323.40, 'in', '2018-12-01 00:00:00', '01/12/61', ''),
(1973, '04560059', '81', 223.74, 'in', '2019-01-06 00:00:00', '06/01/62', ''),
(1974, '04580090', '81', 1000.00, 'de', '2019-02-03 18:14:43', '03/02/62', '1'),
(1975, '01600164', '81', 100.00, 'de', '2019-02-03 18:29:34', '03/02/62', '1'),
(1976, '02610077', '81', 1000.00, 'de', '2019-02-10 20:06:54', '10/02/62', '1'),
(1977, '01510143', '81', 500.00, 'de', '2019-02-10 20:13:09', '10/02/62', '1'),
(1978, '01510143', '81', 500.00, 'de', '2016-04-10 00:00:00', '10/04/59', '1'),
(1979, '01510143', '81', 500.00, 'de', '2016-05-01 00:00:00', '01/05/59', '1'),
(1980, '01510143', '81', 500.00, 'de', '2019-01-06 00:00:00', '06/01/62', '1'),
(1981, '01510143', '81', 500.00, 'de', '2019-01-13 00:00:00', '13/01/62', '1'),
(1982, '01590141', '81', 512.00, 'de', '2019-02-10 20:16:07', '10/02/62', '1'),
(1983, '01610167', '81', 500.00, 'de', '2019-02-10 20:16:32', '10/02/62', '1'),
(1984, '01530063', '81', 1000.00, 'de', '2019-02-10 20:16:53', '10/02/62', '1'),
(1985, '01610180', '81', 1000.00, 'de', '2019-02-10 20:17:11', '10/02/62', '1'),
(1986, '01610174', '81', 1400.00, 'de', '2019-02-10 20:17:37', '10/02/62', '1'),
(1987, '03610023', '81', 2000.00, 'de', '2019-02-10 20:17:56', '10/02/62', '1'),
(1988, '03540012', '81', 6141.00, 'de', '2019-02-10 20:18:29', '10/02/62', '1'),
(1989, '04510018', '81', 1000.00, 'de', '2019-02-10 20:18:55', '10/02/62', '1'),
(1990, '04570074', '81', -8000.00, 'wi', '2019-02-10 20:19:27', '10/02/62', '1'),
(1991, '01580116', '81', 500.00, 'de', '2019-03-03 15:08:02', '03/03/62', '1'),
(1992, '01610167', '81', 500.00, 'de', '2019-03-03 15:11:17', '03/03/62', '1'),
(1993, '01610168', '81', 12010.00, 'de', '2019-03-03 15:16:32', '03/03/62', '1'),
(1994, '01580129', '81', 60.00, 'de', '2019-03-03 15:16:56', '03/03/62', '1'),
(1995, '01610174', '81', 1000.00, 'de', '2019-03-03 15:17:36', '03/03/62', '1'),
(1996, '01540075', '81', 2200.00, 'de', '2019-03-03 15:18:06', '03/03/62', '1'),
(1997, '01580130', '81', 300.00, 'de', '2019-03-03 15:18:26', '03/03/62', '1'),
(1998, '01500024', '81', 1000.00, 'de', '2019-03-03 15:18:43', '03/03/62', '1'),
(1999, '01610169', '81', 1000.00, 'de', '2019-03-03 15:19:03', '03/03/62', '1'),
(2000, '01610179', '81', 500.00, 'de', '2019-03-03 15:19:21', '03/03/62', '1'),
(2001, '01500015', '81', 500.00, 'de', '2019-03-03 15:19:44', '03/03/62', '1'),
(2002, '01520047', '81', 5026.00, 'de', '2019-03-03 15:20:11', '03/03/62', '1'),
(2003, '01580128', '81', 500.00, 'de', '2019-03-03 15:21:02', '03/03/62', '1'),
(2004, '01540076', '81', 100.00, 'de', '2019-03-03 15:21:27', '03/03/62', '1'),
(2005, '01580138', '81', 100.00, 'de', '2019-03-03 15:21:50', '03/03/62', '1'),
(2006, '01600164', '81', 100.00, 'de', '2019-03-03 15:22:11', '03/03/62', '1'),
(2007, '01500017', '81', 200.00, 'de', '2019-03-03 15:22:33', '03/03/62', '1'),
(2008, '02500016', '81', 1000.00, 'de', '2019-03-03 15:22:53', '03/03/62', '1'),
(2009, '04540040', '81', 1000.00, 'de', '2019-03-03 15:23:17', '03/03/62', '1'),
(2010, '04620108', '81', 2000.00, 'de', '2019-03-03 15:23:51', '03/03/62', '1'),
(2011, '04580082', '81', 1500.00, 'de', '2019-03-03 15:24:13', '03/03/62', '1'),
(2012, '04580090', '81', 1000.00, 'de', '2019-03-03 15:24:44', '03/03/62', '1'),
(2013, '04530026', '81', -5160.00, 'wi', '2019-03-03 15:25:09', '03/03/62', '1'),
(2014, '04600098', '81', -20000.00, 'wi', '2019-03-03 15:25:43', '03/03/62', '1'),
(2015, '01600162', '81', 200.00, 'de', '2019-03-03 16:02:35', '03/03/62', '1'),
(2016, '01580119', '81', 400.00, 'de', '2019-03-03 16:05:32', '03/03/62', '1'),
(2017, '01580120', '81', 100.00, 'de', '2019-03-03 16:05:53', '03/03/62', '1'),
(2018, '01510044', '81', 22115.86, 'de', '2019-03-03 16:06:47', '03/03/62', '1'),
(2019, '01510045', '81', 7371.95, 'de', '2019-03-03 16:07:39', '03/03/62', '1'),
(2020, '01520055', '81', 3685.98, 'de', '2019-03-03 16:08:26', '03/03/62', '1'),
(2021, '01510043', '81', -73719.52, 'wi', '2019-03-03 16:08:54', '03/03/62', '1'),
(2022, '01510044', '81', -16480.00, 'wi', '2019-03-03 16:09:29', '03/03/62', '1'),
(2023, '04500011', '81', -10000.00, 'wi', '2019-03-03 16:11:58', '03/03/62', '1'),
(2024, '01600151', '81', 100.00, 'de', '2019-03-03 16:42:34', '03/03/62', '1'),
(2025, '04560057', '81', -10000.00, 'wi', '2019-03-03 16:45:09', '03/03/62', '1'),
(2026, '04580084', '81', 1000.00, 'de', '2019-03-03 17:09:16', '03/03/62', '1'),
(2027, '02610077', '81', 1000.00, 'de', '2019-03-10 18:15:27', '10/03/62', '1'),
(2028, '02530045', '81', -1000.00, 'wi', '2019-03-10 18:15:48', '10/03/62', '1'),
(2029, '03610023', '81', 2000.00, 'de', '2019-03-10 18:16:15', '10/03/62', '1'),
(2030, '03520008', '81', 30000.00, 'de', '2019-03-10 18:17:01', '10/03/62', '1'),
(2031, '04560061', '81', 1000.00, 'de', '2019-03-10 18:17:39', '10/03/62', '1'),
(2032, '04560060', '81', 1000.00, 'de', '2019-03-10 18:18:06', '10/03/62', '1'),
(2033, '04510018', '81', 1000.00, 'de', '2019-03-10 18:18:38', '10/03/62', '1'),
(2034, '04600099', '81', -10000.00, 'wi', '2019-03-10 18:19:17', '10/03/62', '1'),
(2035, '03540012', '81', 6668.00, 'de', '2019-03-10 18:26:21', '10/03/62', '1'),
(2036, '04560059', '81', 1000.00, 'de', '2019-03-10 18:28:06', '10/03/62', '1'),
(2037, '02500008', '81', 10000.00, 'de', '2019-03-10 19:46:39', '10/03/62', '1'),
(2038, '01590141', '81', 562.00, 'de', '2019-04-07 15:37:27', '07/04/62', '1'),
(2039, '01590141', '81', 755.00, 'de', '2019-04-07 15:38:18', '07/04/62', '1'),
(2040, '01610171', '81', 200.00, 'de', '2019-04-07 15:39:46', '07/04/62', '1'),
(2041, '01580130', '81', 300.00, 'de', '2019-04-07 15:40:18', '07/04/62', '1'),
(2042, '01500015', '81', 500.00, 'de', '2019-04-07 15:40:35', '07/04/62', '1'),
(2043, '01610179', '81', 500.00, 'de', '2019-04-07 15:41:10', '07/04/62', '1'),
(2044, '01500024', '81', 1000.00, 'de', '2019-04-07 15:41:34', '07/04/62', '1'),
(2045, '01610169', '81', 1000.00, 'de', '2019-04-07 15:42:00', '07/04/62', '1'),
(2046, '01580128', '81', 700.00, 'de', '2019-04-07 15:42:43', '07/04/62', '1'),
(2047, '01580116', '81', 500.00, 'de', '2019-04-07 15:43:11', '07/04/62', '1'),
(2048, '01600164', '81', 100.00, 'de', '2019-04-07 15:43:43', '07/04/62', '1'),
(2049, '01540076', '81', 100.00, 'de', '2019-04-07 15:44:02', '07/04/62', '1'),
(2050, '01580138', '81', 100.00, 'de', '2019-04-07 15:44:32', '07/04/62', '1'),
(2051, '01610174', '81', 1000.00, 'de', '2019-04-07 15:45:00', '07/04/62', '1'),
(2052, '01520048', '81', 500.00, 'de', '2019-04-07 15:45:22', '07/04/62', '1'),
(2053, '01580120', '81', 100.00, 'de', '2019-04-07 15:45:48', '07/04/62', '1'),
(2054, '01500024', '81', -2000.00, 'wi', '2019-04-07 15:46:12', '07/04/62', '1'),
(2055, '02610078', '81', 10000.00, 'de', '2019-04-07 15:54:37', '07/04/62', '1'),
(2056, '03520008', '81', 7000.00, 'de', '2019-04-07 15:55:28', '07/04/62', '1'),
(2057, '04610106', '81', 2000.00, 'de', '2019-04-07 15:56:11', '07/04/62', '1'),
(2058, '04620108', '81', 2000.00, 'de', '2019-04-07 15:56:32', '07/04/62', '1'),
(2059, '04580090', '81', 1000.00, 'de', '2019-04-07 15:57:03', '07/04/62', '1'),
(2060, '04560061', '81', 1000.00, 'de', '2019-04-07 15:57:26', '07/04/62', '1'),
(2061, '04560060', '81', 1000.00, 'de', '2019-04-07 15:57:45', '07/04/62', '1'),
(2062, '04540040', '81', 1000.00, 'de', '2019-04-07 15:58:40', '07/04/62', '1'),
(2063, '04580082', '81', 2000.00, 'de', '2019-04-07 15:59:05', '07/04/62', '1'),
(2064, '04600099', '81', -10000.00, 'wi', '2019-04-07 15:59:27', '07/04/62', '1'),
(2065, '04530026', '81', -8000.00, 'wi', '2019-04-07 15:59:57', '07/04/62', '1'),
(2066, '02600076', '81', 2625.00, 'de', '2019-04-07 16:06:54', '07/04/62', '1'),
(2067, '01560096', '81', -5000.00, 'wi', '2019-04-07 16:11:31', '07/04/62', '1'),
(2068, '01600151', '81', 200.00, 'de', '2019-04-07 16:11:53', '07/04/62', '1'),
(2069, '01510043', '81', 31110.00, 'de', '2019-04-07 16:15:10', '07/04/62', '1'),
(2070, '01510043', '81', 8515.85, 'in', '2018-12-31 00:00:00', '31/12/61', ''),
(2071, '04570070', '81', -20000.00, 'wi', '2019-04-07 16:25:48', '07/04/62', '1'),
(2072, '04570070', '81', 6562.50, 'in', '2018-02-05 00:00:00', '05/02/61', ''),
(2073, '04570070', '81', 8496.00, 'in', '2018-02-05 00:00:00', '05/02/61', ''),
(2074, '01530063', '81', 1500.00, 'de', '2019-04-07 16:34:11', '07/04/62', '1'),
(2075, '01610173', '81', 100.00, 'de', '2019-04-07 16:37:50', '07/04/62', '1'),
(2076, '03550017', '81', -30000.00, 'wi', '2019-04-07 17:11:15', '07/04/62', '1'),
(2077, '01600162', '81', 300.00, 'de', '2019-04-14 18:29:19', '14/04/62', '1'),
(2078, '01610167', '81', 500.00, 'de', '2019-04-14 18:29:56', '14/04/62', '1'),
(2079, '01580137', '81', 500.00, 'de', '2019-04-14 18:30:23', '14/04/62', '1'),
(2080, '01580119', '81', 400.00, 'de', '2019-04-14 18:31:18', '14/04/62', '1'),
(2081, '01590143', '81', 500.00, 'de', '2019-04-14 18:33:38', '14/04/62', '1'),
(2082, '01610179', '81', 500.00, 'de', '2019-04-14 18:34:01', '14/04/62', '1'),
(2083, '03610023', '81', 2000.00, 'de', '2019-04-14 18:35:51', '14/04/62', '1'),
(2084, '04510018', '81', 1000.00, 'de', '2019-04-14 18:36:33', '14/04/62', '1'),
(2085, '04570074', '81', -2000.00, 'wi', '2019-04-14 18:36:55', '14/04/62', '1'),
(2086, '01610168', '81', 4400.00, 'de', '2019-04-14 19:09:20', '14/04/62', '1'),
(2087, '01580129', '81', 60.00, 'de', '2019-04-14 19:09:54', '14/04/62', '1'),
(2088, '01610168', '81', -30000.00, 'wi', '2019-04-14 19:10:48', '14/04/62', '1'),
(2089, '04560059', '81', 1000.00, 'de', '2019-04-14 20:01:05', '14/04/62', '1'),
(2090, '01580122', '81', 4000.00, 'de', '2019-04-14 20:01:23', '14/04/62', '1'),
(2091, '04610104', '81', 20000.00, 'de', '2019-04-14 20:03:18', '14/04/62', '1'),
(2092, '02610077', '81', 1000.00, 'de', '2019-04-14 20:29:54', '14/04/62', '1'),
(2093, '01560100', '81', -10000.00, 'wi', '2019-05-05 17:10:18', '05/05/62', '1'),
(2094, '01580138', '81', 100.00, 'de', '2019-05-05 17:10:39', '05/05/62', '1'),
(2095, '01580128', '81', 700.00, 'de', '2019-05-05 17:11:00', '05/05/62', '1'),
(2096, '01570105', '81', 200.00, 'de', '2019-05-05 17:11:26', '05/05/62', '1'),
(2097, '01600164', '81', 100.00, 'de', '2019-05-05 17:11:45', '05/05/62', '1'),
(2098, '01570104', '81', 200.00, 'de', '2019-05-05 17:11:55', '05/05/62', '1'),
(2099, '01540076', '81', 100.00, 'de', '2019-05-05 17:12:10', '05/05/62', '1'),
(2100, '04540040', '81', 100.00, 'de', '2019-05-05 17:12:26', '05/05/62', '1'),
(2101, '04540040', '81', 1000.00, 'de', '2019-05-05 17:15:10', '05/05/62', '1'),
(2102, '01500024', '81', 1000.00, 'de', '2019-05-05 17:17:16', '05/05/62', '1'),
(2103, '01610179', '81', 500.00, 'de', '2019-05-05 17:18:31', '05/05/62', '1'),
(2104, '01500015', '81', 500.00, 'de', '2019-05-05 17:18:57', '05/05/62', '1'),
(2105, '01500017', '81', 300.00, 'de', '2019-05-05 17:19:14', '05/05/62', '1'),
(2106, '01610171', '81', 300.00, 'de', '2019-05-05 17:19:34', '05/05/62', '1'),
(2107, '01590141', '81', 769.00, 'de', '2019-05-05 17:19:58', '05/05/62', '1'),
(2108, '01610177', '81', 100.00, 'de', '2019-05-05 17:20:36', '05/05/62', '1'),
(2109, '01600151', '81', 100.00, 'de', '2019-05-05 17:21:21', '05/05/62', '1'),
(2110, '01510043', '81', 23396.00, 'de', '2019-05-05 17:22:12', '05/05/62', '1'),
(2111, '01580130', '81', 300.00, 'de', '2019-05-05 17:22:32', '05/05/62', '1'),
(2112, '01580116', '81', 500.00, 'de', '2019-05-05 17:22:54', '05/05/62', '1'),
(2113, '01610167', '81', 500.00, 'de', '2019-05-05 17:23:15', '05/05/62', '1'),
(2114, '01580120', '81', 100.00, 'de', '2019-05-05 17:24:30', '05/05/62', '1'),
(2115, '01580119', '81', 400.00, 'de', '2019-05-05 17:25:25', '05/05/62', '1'),
(2116, '01600162', '81', 200.00, 'de', '2019-05-05 17:25:51', '05/05/62', '1'),
(2117, '01520048', '81', 500.00, 'de', '2019-05-05 17:27:26', '05/05/62', '1'),
(2118, '01620182', '81', 500.00, 'de', '2019-05-05 17:34:02', '05/05/62', '1'),
(2119, '02500016', '81', 1000.00, 'de', '2019-05-05 17:34:53', '05/05/62', '1'),
(2120, '02500008', '81', 20000.00, 'de', '2019-05-05 17:36:09', '05/05/62', '1'),
(2121, '02500010', '81', 30000.00, 'de', '2019-05-05 17:36:47', '05/05/62', '1'),
(2122, '02520038', '81', -2000.00, 'wi', '2019-05-05 17:37:13', '05/05/62', '1'),
(2123, '02500015', '81', -2000.00, 'wi', '2019-05-05 17:38:13', '05/05/62', '1'),
(2124, '04610106', '81', 2000.00, 'de', '2019-05-05 17:39:03', '05/05/62', '1'),
(2125, '04580090', '81', 1000.00, 'de', '2019-05-05 17:39:27', '05/05/62', '1'),
(2126, '04560061', '81', 4000.00, 'de', '2019-05-05 17:40:16', '05/05/62', '1'),
(2127, '04620108', '81', 2000.00, 'de', '2019-05-05 17:40:43', '05/05/62', '1'),
(2128, '04560059', '81', 1000.00, 'de', '2019-05-05 17:41:01', '05/05/62', '1'),
(2129, '04560060', '81', 20000.00, 'de', '2019-05-05 17:41:24', '05/05/62', '1'),
(2130, '04570081', '81', -2000.00, 'wi', '2019-05-05 17:41:50', '05/05/62', '1'),
(2131, '04550047', '81', -1000.00, 'wi', '2019-05-05 17:42:50', '05/05/62', '1'),
(2132, '04530026', '81', -12000.00, 'wi', '2019-05-05 17:47:34', '05/05/62', '1');

-- --------------------------------------------------------

--
-- Table structure for table `eventbank1test`
--

CREATE TABLE IF NOT EXISTS `eventbank1test` (
  `num` int(6) NOT NULL DEFAULT '0',
  `bankid` char(10) COLLATE utf8_unicode_ci DEFAULT NULL,
  `workno` char(4) COLLATE utf8_unicode_ci DEFAULT NULL,
  `income` float DEFAULT NULL,
  `code` varchar(2) COLLATE utf8_unicode_ci DEFAULT NULL,
  `createdate` datetime DEFAULT NULL,
  `deptime` char(8) COLLATE utf8_unicode_ci NOT NULL,
  `time` char(12) COLLATE utf8_unicode_ci NOT NULL
) ENGINE=InnoDB DEFAULT CHARSET=utf8 COLLATE=utf8_unicode_ci;

--
-- Dumping data for table `eventbank1test`
--

INSERT INTO `eventbank1test` (`num`, `bankid`, `workno`, `income`, `code`, `createdate`, `deptime`, `time`) VALUES
(1, '04560061', '80', 40, 'in', '2018-01-11 00:00:00', '11/01/61', '08/01/60-001'),
(2, '04560061', '80', 40, 'in', '2018-02-11 00:00:00', '11/02/61', '05/02/60-001'),
(3, '04560061', '80', 40, 'in', '2018-03-11 00:00:00', '11/03/61', '05/03/60-001');

-- --------------------------------------------------------

--
-- Table structure for table `eventbankaddint`
--

CREATE TABLE IF NOT EXISTS `eventbankaddint` (
  `income` float DEFAULT NULL,
  `code` varchar(2) COLLATE utf8_unicode_ci DEFAULT NULL,
  `deptime` varchar(20) COLLATE utf8_unicode_ci DEFAULT NULL,
  `time` varchar(60) COLLATE utf8_unicode_ci DEFAULT NULL,
  `createdate` datetime DEFAULT NULL
) ENGINE=InnoDB DEFAULT CHARSET=utf8 COLLATE=utf8_unicode_ci;

-- --------------------------------------------------------

--
-- Table structure for table `eventbankaddlist`
--

CREATE TABLE IF NOT EXISTS `eventbankaddlist` (
`num` int(5) NOT NULL,
  `code` char(10) CHARACTER SET utf8 COLLATE utf8_unicode_ci NOT NULL,
  `namebank` varchar(50) CHARACTER SET utf8 COLLATE utf8_unicode_ci NOT NULL,
  `balance` float(10,2) NOT NULL,
  `amount` float NOT NULL,
  `createdate` datetime NOT NULL
) ENGINE=InnoDB AUTO_INCREMENT=94 DEFAULT CHARSET=latin1;

--
-- Dumping data for table `eventbankaddlist`
--

INSERT INTO `eventbankaddlist` (`num`, `code`, `namebank`, `balance`, `amount`, `createdate`) VALUES
(1, '2590075', 'นางอัมพร  วงค์สนั่น เพื่อ น.ส.กัญชลิกา ธานีคำ', 25500.00, 1000, '2017-01-01 00:00:00'),
(2, '1500022', 'นางศรีจันทร์ ปัญญาธรรม', 12466.00, -10000, '2017-01-01 00:00:00'),
(3, '4550047', 'น.ส.สุกัญญา  จันต๊ะหลวง', 22043.00, -2000, '2017-01-01 00:00:00'),
(4, '3600022', 'นางพีรดา ใจคำปัง', 1000.00, 1000, '2017-01-01 00:00:00'),
(5, '3540012', 'กลุ่มน้ำประปาบ้านไร่วันออก', 60025.00, 22609, '2017-01-01 00:00:00'),
(6, '4540040', 'นายอุดม เสนาวัฒน์', 68000.00, 1000, '2017-01-01 00:00:00'),
(7, '4560059', 'นางนงค์รัก คำมาโมงค์', 14350.00, 1000, '2017-01-01 00:00:00'),
(8, '4580090', 'นางสุนี มะโนคำ', 17000.00, 1000, '2017-01-01 00:00:00'),
(9, '4530029', 'นางอำภา ทาอุโมงค์', 154359.00, 10000, '2017-01-01 00:00:00'),
(10, '4530024', 'นางสาวสุชาดา ไชยศรี เพื่อสถานธรรมเจินฮุ่ย', 29600.00, 1600, '2017-01-01 00:00:00'),
(11, '4560057', 'นางอุไร และหรือ ด.ช.ปิยะวัชร จ่างประภัสสร', 38763.00, 5000, '2017-01-01 00:00:00'),
(12, '4600096', 'นางศรีจันทร์ ปัญญาธรรม', 50000.00, 50000, '2017-01-01 00:00:00'),
(13, '1570110', 'นางศรันยา  ยารังฝั้น เพื่อ ด.ญ.เขมมิสรา  ยารังฝั้น', 16500.00, 600, '2017-01-01 00:00:00'),
(14, '1580138', 'ว่าที่ รต.บัญชา โพธาเจริญ เพื่อ ด.ช.กัตภณ โพธาเจริ', 1900.00, 100, '2017-01-01 00:00:00'),
(15, '1540076', 'ว่าที่ รต.บัญชา โพธาเจริญ เพื่อ ด.ญ.ณัฐณิชา โพธาเจ', 7383.00, 100, '2017-01-01 00:00:00'),
(16, '1500024', 'นายชาติสยาม กันทะอุโมงค์', 0.00, 1000, '2017-01-01 00:00:00'),
(17, '1500028', 'กลุ่มแม่บ้านไร่วันออก', 44658.00, 16200, '2017-01-01 00:00:00'),
(18, '1580120', 'ด.ช.พงษ์ศิริ ศรีทิพย์ โดย นายยุทธนา  ศรีทิพย์ ', 4039.00, 100, '2017-01-01 00:00:00'),
(19, '1580116', 'นายวิทยา สุรินวัน เพื่อ ดญ.สวิยา สุรินวัน', 13000.00, 500, '2017-01-01 00:00:00'),
(20, '1500015', 'นางสาวศดานันท์ มะโนใจ', 11030.00, 500, '2017-01-01 00:00:00'),
(21, '1580130', 'นางธิดาดาว สิทธิปรุ เพื่อ ด.ญ.พรรณภัชร สิทธิปรุ', 4200.00, 300, '2017-01-01 00:00:00'),
(22, '1580132', 'นายฐิติพงษ์  ทิพย์อุโมงค์ เพื่อ ด.ญ.นันทพภัส ทิพย์', 3000.00, 1000, '2017-01-01 00:00:00'),
(23, '1600150', 'พีรดา ใจคำขัง เพื่อ ด.ช.สุริยะศักดิ์  นันทะพงศ์', 500.00, 500, '2017-01-01 00:00:00'),
(24, '1590146', 'น.ส.หทัยชนก  กุลชนกดล เพื่อ ด.ช.ณภูรวิน อุทาเลิศ', 5500.00, 1000, '2017-01-01 00:00:00'),
(25, '1580129', 'นายธนรัตน์  ขัดลิ เพื่อ ด.ญ.อรฤทัย ขัดลิ ', 1640.00, 60, '2017-01-01 00:00:00'),
(26, '1580140', 'น.ส.พรรทิวา  ปัสนาวาส ', 1500.00, 200, '2017-01-01 00:00:00'),
(27, '1580122', 'นส จรูญรัตน์ ปากองวัน', 5150.00, 600, '2017-01-01 00:00:00'),
(28, '1104', '', 0.00, -1800, '2017-01-08 00:00:00'),
(29, '1580124', 'นางวรรณวริน  ตาใจ', 1300.00, -1000, '2017-01-08 00:00:00'),
(30, '3540012', 'กลุ่มน้ำประปาบ้านไร่วันออก', 65268.00, 5243, '2017-01-08 00:00:00'),
(31, '3540012', 'กลุ่มน้ำประปาบ้านไร่วันออก', 0.00, -65268, '2017-01-08 00:00:00'),
(32, '1500024', 'นายชาติสยาม  กันทะอุโมงค์', 22006.00, 1000, '2017-01-08 00:00:00'),
(33, '1560098', 'สุชาติ ธรรมอุโมงค์ เพื่อ ด.ญ.อาภาภรณ์  เสมอใจ ', 39523.00, 1500, '2017-01-08 00:00:00'),
(34, '1590141', 'น.ส.ศดานันท์  ศรีวิชัย ', 7803.00, 160, '2017-01-08 00:00:00'),
(35, '1580119', 'น.ส.เฉลิมวรรณ  ศรีวิลัย ', 1650.00, 500, '2017-01-08 00:00:00'),
(36, '1580128', 'นางทิวาพร  สิทธิบุญมี  เพื่อ ด.ช.พสิษฐ์ นาธง ', 15200.00, 700, '2017-01-08 00:00:00'),
(37, '1530063', 'จ.ส.อ.ประพัตน์  ถนอม  เพื่อ น.ส.จันทร์จิรา ถนอม', 2000.00, 41012, '2017-01-08 00:00:00'),
(38, '4580082', 'นางทัศนีย์  นันทะธง เพื่อ ด.ช.ปริวัฒน์  มันทะธง ', 55768.00, 1700, '2017-01-08 00:00:00'),
(39, '4580088', 'นายเทวินทร์ และนางมนัสนันท์ สิทธิบุญมี', 28000.00, 10000, '2017-01-08 00:00:00'),
(40, '4520021', 'นางนภาถร มะโนชัย', 30210.00, 1000, '2017-01-08 00:00:00'),
(41, '4510018', 'นางศรีวร ใจราช', 69256.00, 1000, '2017-01-08 00:00:00'),
(42, '4560060', 'นางยุพิน เสมอใจ เพื่อ ด.ญ.ศศิวมล  เสมอใจ ', 45904.00, 1000, '2017-01-08 00:00:00'),
(43, '4560061', 'นางยุพิน เสมอใจ เพื่อ ด.ญ.สุพิชฌา  เสมอใจ ', 33260.00, 1000, '2017-01-08 00:00:00'),
(44, '4560061', 'นางยุพิน เสมอใจ เพื่อ ด.ญ.สุพิชฌา  เสมอใจ ', 34259.80, 1000, '2017-02-05 00:00:00'),
(45, '4560060', 'นางยุพิน เสมอใจ เพื่อ ด.ญ.ศศิวมล  เสมอใจ ', 46903.80, 1000, '2017-02-05 00:00:00'),
(46, '4530029', 'นางอำภา ทาอุโมงค์', 164359.00, 10000, '2017-02-05 00:00:00'),
(47, '4580084', 'น.ส.จรูญรัตน์  ปากองวัน เพื่อ ด.ญ.นิลศา เดชธงไชย', 7120.00, 1000, '2017-02-05 00:00:00'),
(48, '4580092', 'น.ส.จรูญรัตน์  ปากองวัน', 4000.00, 1000, '2017-02-05 00:00:00'),
(49, '4580090', 'นางสุนี มะโนคำ', 18000.00, 1000, '2017-02-05 00:00:00'),
(50, '4580082', 'นางทัศนีย์  นันทะธง เพื่อ ด.ช.ปริวัฒน์  มันทะธง ', 62767.80, 7000, '2017-02-05 00:00:00'),
(51, '4560057', 'นางอุไร จ่างประภัสสร', 41127.80, 2000, '2017-02-05 00:00:00'),
(52, '4550048', 'นางอนงค์  เสมอใจ  เพื่อ ด.ช.ดุษฎี  เสมอใจ ', 16100.00, 1000, '2017-02-05 00:00:00'),
(53, '3600022', 'นางพีรดา ใจคำปัง', 2000.00, 1000, '2017-02-05 00:00:00'),
(54, '4550047', 'น.ส.สุกัญญา  จันต๊ะหลวง', 17042.70, -5000, '2017-02-05 00:00:00'),
(55, '2550067', 'นางจันทร์หอม  สิทธิบุญมี ', 15923.40, -15000, '2017-02-05 00:00:00'),
(56, '1590122', 'น.ส.จรูญรัตน์  ปากองวัน', 31500.10, -2000, '2017-02-05 00:00:00'),
(57, '1500022', 'นางศรีจันทร์ ปัญญาธรรม', 4466.01, -8000, '2017-02-05 00:00:00'),
(58, '2590075', 'นางอัมพร  วงค์สนั่น เพื่อ น.ส.กัญชลิกา ธานีคำ', 27000.00, 1500, '2017-02-05 00:00:00'),
(59, '2500016', 'บัวเรียว  ปารมีโมงค์', 15727.20, 1000, '2017-02-05 00:00:00'),
(60, '2550058', 'นางจุไรรัตน์  ตาใจ', 8505.93, 1000, '2017-02-05 00:00:00'),
(61, '2540053', 'พรกมล ตาใจ และ/หรือ กัลยาณวัตน์ อุตตะรี ', 6847.51, 1000, '2017-02-05 00:00:00'),
(62, '1580138', 'ว่าที่ รต.บัญชา โพธาเจริญ เพื่อ ด.ช.กัตภณ โพธาเจริ', 2000.00, 100, '2017-02-05 00:00:00'),
(63, '1540076', 'ว่าที่ รต.บัญชา โพธาเจริญ เพื่อ ด.ญ.ณัฐณิชา โพธาเจ', 7482.63, 100, '2017-02-05 00:00:00'),
(64, '1590146', 'น.ส.หทัยชนก  กุลชนกดล เพื่อ ด.ช.ณภูรวิน อุทาเลิศ', 6500.00, 1000, '2017-02-05 00:00:00'),
(65, '1500024', 'นายชาติสยาม กันทะอุโมงค์', 23006.00, 1000, '2017-02-05 00:00:00'),
(66, '1600151', 'น.ส.กิ่งกาน โอชาวัฒน์ เพื่อ ด.ญ.วาสนา ยิ่งวงค์', 600.00, 100, '2017-02-05 00:00:00'),
(67, '1600150', 'พีรดา ใจคำขัง เพื่อ ด.ช.สุริยะศักดิ์  นันทะพงศ์', 800.00, 300, '2017-02-05 00:00:00'),
(68, '1580120', 'ด.ช.พงษ์ศิริ ศรีทิพย์ โดย นายยุทธนา  ศรีทิพย์ ', 4138.72, 100, '2017-02-05 00:00:00'),
(69, '1580140', 'น.ส.พรรทิวา  ปัสนาวาส ', 2000.00, 500, '2017-02-05 00:00:00'),
(70, '1590148', 'นายจักร์กฤษณ์  ทิพย์อุโมงค์ สวัสดิการคลอดบุตร ', 1100.00, 100, '2017-02-05 00:00:00'),
(71, '1500015', 'นางสาวศดานันท์ มะโนใจ', 12030.00, 1000, '2017-02-05 00:00:00'),
(72, '1600152', 'นางจินยุพา  โสภณจิตร', 40000.00, 40000, '2017-02-05 00:00:00'),
(73, '1570110', 'นางศรันยา  ยารังฝั้น เพื่อ ด.ญ.เขมมิสรา  ยารังฝั้น', 17100.00, 600, '2017-02-05 00:00:00'),
(74, '1580116', 'นายวิทยา สุรินวัน เพื่อ ดญ.สวิยา สุรินวัน', 13500.00, 500, '2017-02-05 00:00:00'),
(75, '1560098', 'สุชาติ ธรรมอุโมงค์ เพื่อ ด.ญ.อาภาภรณ์  เสมอใจ ', 41022.60, 1500, '2017-02-05 00:00:00'),
(76, '1580129', 'นายธนรัตน์  ขัดลิ เพื่อ ด.ญ.อรฤทัย ขัดลิ ', 17000.00, 60, '2017-02-05 00:00:00'),
(77, '1580132', 'นายฐิติพงษ์  ทิพย์อุโมงค์ เพื่อ ด.ญ.นันทพภัส ทิพย์', 4000.00, 1000, '2017-02-05 00:00:00'),
(78, '1580128', 'นางทิวาพร  สิทธิบุญมี  เพื่อ ด.ช.พสิษฐ์ นาธง ', 16000.00, 800, '2017-02-05 00:00:00'),
(79, '1580130', 'นางธิดาดาว สิทธิปรุ เพื่อ ด.ญ.พรรณภัชร สิทธิปรุ', 45000.00, 300, '2017-02-05 00:00:00'),
(80, '1510048', 'นางแสงเดือน มะโนวรรณา', 10744.20, 400, '2017-02-05 00:00:00'),
(81, '1530063', 'จ.ส.อ.ประพัตน์  ถนอม  เพื่อ น.ส.จันทร์จิรา ถนอม', 41512.30, 500, '2017-02-05 00:00:00'),
(82, '1590144', 'น.ส.ชนกนันท์  วงค์วิลัย เพื่อ ด.ญ.กนกกาญจน์  วงศ์ว', 1603.00, 100, '2017-02-05 00:00:00'),
(83, '3540012', 'กลุ่มน้ำประปาบ้านไร่วันออก', 0.00, 6741, '2017-02-12 00:00:00'),
(84, '2590074', 'นางปวีณา  กุนนารา และนายเมืองแก้ว บุญปัญญา ', 23000.00, 5000, '2017-02-12 00:00:00'),
(85, '4540040', 'นายอุดม เสนาวัฒน์', 69000.00, 1000, '2017-02-12 00:00:00'),
(86, '4510018', 'นางศรีวร ใจราช', 70255.50, 1000, '2017-02-12 00:00:00'),
(87, '1500024', 'นายชาติสยาม  กันทะอุโมงค์', 24006.00, 1000, '2017-02-12 00:00:00'),
(88, '1580119', 'น.ส.เฉลิมวรรณ  ศรีวิลัย ', 21500.00, 500, '2017-02-12 00:00:00'),
(89, '1590141', 'น.ส.ศดานันท์  ศรีวิชัย ', 8075.00, 272, '2017-02-12 00:00:00'),
(90, '1570104', 'นางปวีณา  กุนนารา เพื่อ ด.ช.ศักดินันท์ กุนนารา', 5100.00, 200, '2017-02-12 00:00:00'),
(91, '1570105', 'นางปวีณา  กุนนารา เพื่อ นายศักดินันท์ กุนนารา', 5100.00, 200, '2017-02-12 00:00:00'),
(92, '4550047', 'น.ส.สุกัญญา  จันต๊ะหลวง', 11042.70, -6000, '2017-02-12 00:00:00'),
(93, '4560057', 'นางอุไร จ่างประภัสสร ', 11127.80, -30000, '2017-02-12 00:00:00');

-- --------------------------------------------------------

--
-- Table structure for table `eventfund`
--

CREATE TABLE IF NOT EXISTS `eventfund` (
  `num` int(6) NOT NULL DEFAULT '0',
  `fundno` int(4) DEFAULT NULL,
  `recivefunds` int(5) DEFAULT NULL,
  `reciveinsurance` int(4) DEFAULT NULL,
  `workerid` int(4) DEFAULT NULL,
  `createdate` datetime DEFAULT NULL,
  `code` varchar(2) COLLATE utf8_unicode_ci DEFAULT NULL
) ENGINE=InnoDB DEFAULT CHARSET=utf8 COLLATE=utf8_unicode_ci;

--
-- Dumping data for table `eventfund`
--

INSERT INTO `eventfund` (`num`, `fundno`, `recivefunds`, `reciveinsurance`, `workerid`, `createdate`, `code`) VALUES
(1, 10, 30, 5, 3, '2015-07-01 22:27:33', 'de'),
(2, 11, 30, 5, 3, '2015-07-01 22:27:39', 'de'),
(3, 12, 30, 5, 3, '2015-07-01 22:27:42', 'de'),
(4, 12, 30, 5, 3, '2015-07-01 22:27:48', 'de'),
(5, 14, 30, 5, 3, '2015-07-01 22:27:52', 'de'),
(6, 1, 30, 5, 2, '2015-07-01 22:27:58', 'de'),
(7, 16, 30, 5, 3, '2015-07-01 22:28:02', 'de'),
(8, 2, 30, 5, 2, '2015-07-01 22:28:04', 'de'),
(9, 17, 30, 5, 3, '2015-07-01 22:28:08', 'de'),
(10, 3, 30, 5, 2, '2015-07-01 22:28:09', 'de'),
(11, 4, 30, 5, 2, '2015-07-01 22:28:15', 'de'),
(12, 18, 30, 5, 3, '2015-07-01 22:28:15', 'de'),
(13, 5, 30, 5, 2, '2015-07-01 22:28:21', 'de'),
(14, 7, 30, 5, 2, '2015-07-01 22:28:36', 'de'),
(15, 8, 30, 5, 2, '2015-07-01 22:28:41', 'de'),
(16, 19, 30, 5, 4, '2015-07-01 22:28:52', 'de'),
(17, 20, 30, 5, 4, '2015-07-01 22:29:12', 'de'),
(18, 21, 30, 5, 4, '2015-07-01 22:29:17', 'de'),
(19, 22, 30, 5, 4, '2015-07-01 22:29:29', 'de'),
(20, 9, 30, 5, 2, '2015-07-01 22:29:50', 'de'),
(21, 10, 30, 5, 3, '2015-07-02 22:30:33', 'de'),
(22, 11, 30, 5, 3, '2015-07-02 22:30:38', 'de'),
(23, 12, 30, 5, 3, '2015-07-02 22:30:42', 'de'),
(24, 13, 30, 5, 3, '2015-07-02 22:30:45', 'de'),
(25, 14, 30, 5, 3, '2015-07-02 22:30:49', 'de'),
(26, 15, 30, 5, 3, '2015-07-02 22:30:53', 'de'),
(27, 16, 30, 5, 3, '2015-07-02 22:30:57', 'de'),
(28, 17, 30, 5, 3, '2015-07-02 22:31:01', 'de'),
(29, 1, 30, 5, 2, '2015-07-02 22:31:01', 'de'),
(30, 18, 30, 5, 3, '2015-07-02 22:31:06', 'de'),
(31, 2, 30, 5, 2, '2015-07-02 22:31:06', 'de'),
(32, 19, 30, 5, 3, '2015-07-02 22:31:10', 'de'),
(33, 3, 30, 5, 2, '2015-07-02 22:31:10', 'de'),
(34, 4, 30, 5, 2, '2015-07-02 22:31:16', 'de'),
(35, 5, 30, 5, 2, '2015-07-02 22:31:21', 'de'),
(36, 7, 30, 5, 2, '2015-07-02 22:31:30', 'de'),
(37, 13, 30, 5, 4, '2015-07-02 22:31:34', 'de'),
(38, 8, 30, 5, 2, '2015-07-02 22:31:35', 'de'),
(39, 20, 30, 5, 4, '2015-07-02 22:31:39', 'de'),
(40, 9, 30, 5, 2, '2015-07-02 22:31:40', 'de'),
(41, 22, 30, 5, 4, '2015-07-02 22:31:42', 'de'),
(42, 21, 30, 5, 4, '2015-07-02 22:31:48', 'de'),
(43, 10, -60, 0, 4, '2015-07-02 22:32:15', 'wi'),
(44, 15, -30, 0, 4, '2015-07-02 22:32:25', 'wi'),
(45, 1, 30, 5, 2, '2015-07-03 22:38:16', 'de'),
(46, 2, 30, 5, 2, '2015-07-03 22:38:21', 'de'),
(47, 10, 30, 5, 3, '2015-07-03 22:38:25', 'de'),
(48, 3, 30, 5, 2, '2015-07-03 22:38:26', 'de'),
(49, 11, 30, 5, 3, '2015-07-03 22:38:30', 'de'),
(50, 4, 30, 5, 2, '2015-07-03 22:38:31', 'de'),
(51, 12, 30, 5, 3, '2015-07-03 22:38:33', 'de'),
(52, 5, 30, 5, 2, '2015-07-03 22:38:36', 'de'),
(53, 13, 30, 5, 3, '2015-07-03 22:38:36', 'de'),
(54, 19, 30, 5, 3, '2015-07-03 22:38:41', 'de'),
(55, 7, 30, 5, 2, '2015-07-03 22:38:45', 'de'),
(56, 8, 30, 5, 2, '2015-07-03 22:38:49', 'de'),
(57, 9, 30, 5, 2, '2015-07-03 22:38:54', 'de'),
(58, 16, 30, 5, 3, '2015-07-03 22:38:57', 'de'),
(59, 3, -50, 0, 3, '2015-07-03 22:39:13', 'wi'),
(60, 22, 30, 5, 4, '2015-07-03 22:39:32', 'de'),
(61, 21, 30, 5, 4, '2015-07-03 22:39:37', 'de'),
(62, 19, 30, 5, 4, '2015-07-03 22:39:43', 'de'),
(63, 23, 30, 5, 2, '2015-07-03 16:43:27', 'de'),
(64, 15, 30, 5, 2, '2015-07-03 16:43:55', 'de'),
(65, 9, -30, 0, 2, '2015-07-03 16:44:35', 'wi'),
(66, 3, -10, 0, 2, '2015-07-03 16:45:20', 'wi'),
(67, 1, 30, 5, 2, '2015-07-04 17:11:44', 'de'),
(68, 5, 30, 5, 2, '2015-07-05 14:24:15', 'de'),
(69, 10, 30, 5, 2, '2015-07-05 14:24:19', 'de'),
(70, 5, 30, 5, 2, '2015-07-05 14:50:41', 'de'),
(71, 7, 30, 5, 2, '2015-07-05 21:14:07', 'de'),
(72, 8, 30, 5, 2, '2015-07-06 17:26:23', 'de'),
(73, 1, 30, 5, 2, '2015-07-07 21:12:07', 'de'),
(74, 1, -150, 0, 2, '2015-07-07 22:19:43', 'wi'),
(75, 5, -150, 0, 2, '2015-07-07 22:21:47', 'wi'),
(76, 1, 30, 10, 2, '2016-06-12 20:13:17', 'de'),
(77, 2, 30, 5, 2, '2016-06-12 20:16:07', 'de');

-- --------------------------------------------------------

--
-- Table structure for table `eventloan`
--

CREATE TABLE IF NOT EXISTS `eventloan` (
  `num` int(6) NOT NULL DEFAULT '0',
  `loanno` varchar(6) COLLATE utf8_unicode_ci DEFAULT NULL,
  `workerid` int(4) DEFAULT NULL,
  `payment` int(8) DEFAULT NULL,
  `reciveinterest` float DEFAULT NULL,
  `loantime` varchar(5) COLLATE utf8_unicode_ci NOT NULL,
  `createdate` datetime DEFAULT NULL,
  `code` varchar(2) COLLATE utf8_unicode_ci NOT NULL
) ENGINE=InnoDB DEFAULT CHARSET=utf8 COLLATE=utf8_unicode_ci;

--
-- Dumping data for table `eventloan`
--

INSERT INTO `eventloan` (`num`, `loanno`, `workerid`, `payment`, `reciveinterest`, `loantime`, `createdate`, `code`) VALUES
(1, '1/58', 6, 500, 100, '1/20', '2015-07-04 15:17:47', 'pa'),
(2, '6/58', 6, 1000, 100, '1/10', '2015-07-04 15:17:57', 'pa'),
(3, '11/58', 6, 10000, 100, '1/10', '2015-07-04 15:18:07', 'ac'),
(4, '1/58', 6, 50000, 95, '2/20', '2015-07-04 15:24:01', 'ac'),
(5, '6/58', 6, 9000, 90, '2/10', '2015-07-04 15:29:10', 'ac'),
(6, '2/58', 6, 1000, 100, '1/10', '2015-07-04 15:31:13', 'pa'),
(7, '2/58', 6, 1000, 90, '2/10', '2015-07-04 15:33:32', 'pa'),
(8, '2/58', 6, 8000, 80, '3/10', '2015-07-04 15:34:12', 'ac'),
(9, '5/58', 5, 1000, 50, '1/10', '2015-07-04 17:13:41', 'pa'),
(10, '5/58', 5, 1000, 45, '2/10', '2015-07-04 17:16:22', 'pa'),
(11, '5/58', 5, 8000, 40, '3/10', '2015-07-04 17:16:39', 'ac'),
(12, '3/58', 5, 2000, 20, '1/10', '2015-07-05 13:56:36', 'ac'),
(13, '4/58', 5, 1000, 100, '1/10', '2015-07-05 13:57:01', 'pa'),
(14, '4/58', 5, 9000, 90, '2/10', '2015-07-05 13:57:19', 'ac'),
(15, '7/58', 5, 1000, 20, '1/2', '2015-07-05 21:16:14', 'pa'),
(16, '7/58', 5, 1000, 10, '2/2', '2015-07-05 21:16:28', 'ac'),
(17, '8/58', 5, 500, 10, '1/2', '2015-07-07 22:25:59', 'pa'),
(18, '8/58', 5, 500, 5, '2/2', '2015-07-07 22:26:06', 'ac');

-- --------------------------------------------------------

--
-- Table structure for table `fundstatus_result`
--

CREATE TABLE IF NOT EXISTS `fundstatus_result` (
  `fundstatusid` int(1) DEFAULT NULL,
  `fundstatusname` varchar(20) COLLATE utf8_unicode_ci DEFAULT NULL
) ENGINE=InnoDB DEFAULT CHARSET=utf8 COLLATE=utf8_unicode_ci;

--
-- Dumping data for table `fundstatus_result`
--

INSERT INTO `fundstatus_result` (`fundstatusid`, `fundstatusname`) VALUES
(1, 'ปกติ'),
(2, 'พ้นสภาพ'),
(3, 'ลาออก'),
(4, 'เสียชีวิต');

-- --------------------------------------------------------

--
-- Table structure for table `fundtype_result`
--

CREATE TABLE IF NOT EXISTS `fundtype_result` (
  `fundtypeid` int(1) DEFAULT NULL,
  `fundtypename` varchar(20) COLLATE utf8_unicode_ci DEFAULT NULL
) ENGINE=InnoDB DEFAULT CHARSET=utf8 COLLATE=utf8_unicode_ci;

--
-- Dumping data for table `fundtype_result`
--

INSERT INTO `fundtype_result` (`fundtypeid`, `fundtypename`) VALUES
(1, 'สมัคร พชพ.'),
(2, 'ไม่สมัคร พชพ.');

-- --------------------------------------------------------

--
-- Table structure for table `loantype_result`
--

CREATE TABLE IF NOT EXISTS `loantype_result` (
  `loantypeid` int(1) DEFAULT NULL,
  `loantypename` varchar(20) COLLATE utf8_unicode_ci DEFAULT NULL
) ENGINE=InnoDB DEFAULT CHARSET=utf8 COLLATE=utf8_unicode_ci;

--
-- Dumping data for table `loantype_result`
--

INSERT INTO `loantype_result` (`loantypeid`, `loantypename`) VALUES
(1, 'คนค้ำประกัน'),
(2, 'หลักทรัพย์ค้ำประกัน'),
(3, 'สมุดธนาคารค้ำประกัน');

-- --------------------------------------------------------

--
-- Table structure for table `memberbank`
--

CREATE TABLE IF NOT EXISTS `memberbank` (
  `bankno` int(4) NOT NULL,
  `bankid` varchar(10) COLLATE utf8_unicode_ci NOT NULL,
  `pname` varchar(10) COLLATE utf8_unicode_ci DEFAULT NULL,
  `mname` varchar(50) COLLATE utf8_unicode_ci DEFAULT NULL,
  `lname` varchar(50) COLLATE utf8_unicode_ci DEFAULT NULL,
  `idcard` varchar(13) COLLATE utf8_unicode_ci DEFAULT NULL,
  `address` varchar(50) COLLATE utf8_unicode_ci DEFAULT NULL,
  `telephone` varchar(10) COLLATE utf8_unicode_ci DEFAULT NULL,
  `birthday` date DEFAULT NULL,
  `bankstatus` char(2) COLLATE utf8_unicode_ci DEFAULT NULL,
  `workno` int(4) DEFAULT NULL,
  `createdate` datetime DEFAULT NULL,
  `lastupdate` datetime DEFAULT NULL,
  `bankname` text COLLATE utf8_unicode_ci,
  `bookbalance` float DEFAULT NULL
) ENGINE=InnoDB DEFAULT CHARSET=utf8 COLLATE=utf8_unicode_ci;

--
-- Dumping data for table `memberbank`
--

INSERT INTO `memberbank` (`bankno`, `bankid`, `pname`, `mname`, `lname`, `idcard`, `address`, `telephone`, `birthday`, `bankstatus`, `workno`, `createdate`, `lastupdate`, `bankname`, `bookbalance`) VALUES
(1, '01500001', 'ด.ช.', 'เกรียงไกร', 'จันทร์หอม', '', '', '', '0000-00-00', 'op', 0, '0000-00-00 00:00:00', '0000-00-00 00:00:00', 'ด.ช.เกรียงไกร  จันทร์หอม  ', 0),
(2, '01500002', '\r\n\r\nนาง', 'อำไพ', 'จันทร์หอม', '', '', '', '0000-00-00', 'op', 0, '0000-00-00 00:00:00', '0000-00-00 00:00:00', 'นางอำไพ  จันทร์หอม  ', 0),
(3, '01500003', 'นาง', 'กรรณิกา', 'เมืองลือ', '', '', '', '0000-00-00', 'op', 0, '0000-00-00 00:00:00', '0000-00-00 00:00:00', 'นางกรรณิกา  เมืองลือ  ', 0),
(4, '01500004', 'นางสาว', 'ศโรชา ', 'ฤทธิจักรคำ', '', '', '', '0000-00-00', 'op', 0, '0000-00-00 00:00:00', '0000-00-00 00:00:00', 'นางสาวศโรชา   ฤทธิจักรคำ  ', 0),
(5, '01500005', 'นาง', 'จิราภรณ์', 'ฤทธิจักรคำ', '', '', '', '0000-00-00', 'op', 0, '0000-00-00 00:00:00', '0000-00-00 00:00:00', 'นางจิราภรณ์  ฤทธิจักรคำ  ', 0),
(6, '01500006', 'นาง', 'ทา', 'อุ่นอุโมงค์', '', '', '', '0000-00-00', 'op', 0, '0000-00-00 00:00:00', '0000-00-00 00:00:00', 'นางทา  อุ่นอุโมงค์  ', 0),
(7, '01500007', 'นาง', 'สุพรรณา', 'ทิพย์อุโมงค์', '', '', '', '0000-00-00', 'op', 0, '0000-00-00 00:00:00', '0000-00-00 00:00:00', 'นางสุพรรณา  \r\n\r\nทิพย์อุโมงค์  ', 0),
(8, '01500008', 'นางสาว', 'กรรณิการ์', 'ขัดลิ', '', '', '', '0000-00-00', 'op', 0, '0000-00-00 00:00:00', '0000-00-00 00:00:00', 'นางสาวกรรณิการ์  ขัดลิ  ', 0),
(9, '01500009', 'นางสาว', 'วิกานดา', 'กันทะอุโมงค์', '', '', '', '0000-00-00', 'op', 0, '0000-00-00 00:00:00', '0000-00-00 00:00:00', 'นางสาววิกานดา  กันทะอุโมงค์  ', 0),
(10, '01500010', 'นาง', 'สุนีย์', 'กันทะอุโมงค์', '', '', '', '0000-00-00', 'op', 0, '0000-00-00 00:00:00', '0000-00-00 00:00:00', 'นางสุนีย์  กันทะอุโมงค์  ', 0),
(11, '01500011', 'นาย', 'สวิง', 'ตาใจ', '', '', '', '0000-00-00', 'op', 0, '0000-00-00 00:00:00', '0000-00-00 00:00:00', 'นายสวิง  ตาใจ  ', 0),
(12, '01500012', 'นาง', 'โสภา', 'ศรีวิชัย', '', '', '', '0000-00-00', 'op', 0, '0000-00-00 00:00:00', '0000-00-00 00:00:00', 'นางโสภา  ศรีวิชัย  ', 0),
(13, '01500013', 'นาง', 'ผ่องพันธ์', 'ต๊ะแก้ว', '', '', '', '0000-00-00', 'op', 0, '0000-00-00 00:00:00', '2017-04-20 11:21:08', 'นางผ่องพันธ์  ต๊ะแก้ว  ', 0),
(14, '01500014', 'นาย', 'พงศ์ธร', 'ต๊ะแก้ว', '', '', '', '0000-00-00', 'op', 0, '0000-00-00 00:00:00', '2017-08-06 15:08:05', 'นายพงศ์ธร  ต๊ะแก้ว  ', 0),
(15, '01500015', 'นางสาว', 'ศดานันท์', 'มะโนใจ', '', '', '', '0000-00-00', 'op', 0, '0000-00-00 00:00:00', '0000-00-00 00:00:00', 'นางสาวศดานันท์  มะโนใจ  ', 0),
(16, '01500016', 'นางสาว', 'บัวรอม', 'มะโนใจ', '', '', '', '0000-00-00', 'op', 0, '0000-00-00 00:00:00', '2018-01-07 19:01:18', 'นางสาวบัวรอม  มหาไม้ ', 0),
(17, '01500017', 'ด.ช.', '\r\n\r\nภาสกร', 'เสมอใจ', '', '', '', '0000-00-00', 'op', 0, '0000-00-00 00:00:00', '0000-00-00 00:00:00', 'เด็กชายภาสกร  เสมอใจ  ', 0),
(18, '01500018', 'ด.ช.', 'ณัฐดนัย', 'ชัยพนัส', '', '', '', '0000-00-00', 'op', 0, '0000-00-00 00:00:00', '0000-00-00 00:00:00', 'เด็กชายณัฐดนัย  ชัยพนัส  ', 0),
(19, '01500019', 'นาง', 'กรรณิการ์', 'กันทะอุโมงค์', '', '', '', '0000-00-00', 'op', 0, '0000-00-00 00:00:00', '0000-00-00 00:00:00', 'นางกรรณิการ์  กันทะอุโมงค์  ', 0),
(20, '01500020', 'นาย', 'วีรชัย', 'สุริยะธง', '', '', '', '0000-00-00', 'op', 0, '0000-00-00 00:00:00', '0000-00-00 00:00:00', 'นายวีรชัย  สุริยะธง  ', 0),
(21, '01500021', 'นาย', 'อภิเชษฐ์', 'ทิพย์อุโมงค์', '', '', '', '0000-00-00', 'op', 0, '0000-00-00 00:00:00', '0000-00-00 00:00:00', 'นายอภิเชษฐ์  ทิพย์อุโมงค์  ', 0),
(22, '01500022', 'นาง', 'ศรีจันท์', 'ปัญญาธรรม', '', '', '', '0000-00-00', 'op', 0, '0000-00-00 00:00:00', '0000-00-00 00:00:00', 'นางศรี\r\n\r\nจันท์  ปัญญาธรรม  ', 0),
(23, '01500023', '', 'ออมทรัพย์กลุ่มแม่บ้าน บ้านไร่หมู่ 8', '', '', '', '', '0000-00-00', 'op', 0, '0000-00-00 00:00:00', '0000-00-00 00:00:00', 'ออมทรัพย์กลุ่ม\r\n\r\nแม่บ้าน บ้านไร่หมู่ 8    ', 0),
(24, '01500024', 'นาย', 'ชาติสยาม', 'กันทะอุโมงค์', '', '', '', '0000-00-00', 'op', 0, '0000-00-00 00:00:00', '2017-06-04 15:06:55', 'นายชาติสยาม  กันทะอุโมงค์  เพื่อเด็กชายชาติตระการ กันทะอุโมงค์', 0),
(25, '01500025', 'นาง', 'ผ่องมณี', 'ตัณฑ์พานิช', '', '', '', '0000-00-00', 'op', 0, '0000-00-00 00:00:00', '0000-00-00 00:00:00', '\r\n\r\nนางผ่องมณี  ตัณฑ์พานิช  ', 0),
(26, '01500026', '', 'กลุ่มเกษตรผสมผสานแบบพอเพียงและยั่งยืน', '', '', '', '', '0000-00-00', 'op', 0, '0000-00-00 00:00:00', '0000-00-00 00:00:00', '\r\n\r\nกลุ่มเกษตรผสมผสานแบบพอเพียงและยั่งยืน    ', 0),
(27, '01500027', 'นาย', 'จำลอง', 'ขัดอุโมงค์', '', '', '', '0000-00-00', 'op', 0, '0000-00-00 00:00:00', '0000-00-00 00:00:00', '\r\n\r\nนายจำลอง  ขัดอุโมงค์  ', 0),
(28, '01500028', '', 'กลุ่มแม่บ้านไร่วันออก', '', '', '', '', '0000-00-00', 'op', 0, '0000-00-00 00:00:00', '0000-00-00 00:00:00', 'กลุ่มแม่บ้านไร่วันออก    ', 0),
(29, '01500029', 'นาง', 'ไพบูลย์', 'เสมอใจ', '', '', '', '0000-00-00', 'op', 0, '0000-00-00 00:00:00', '0000-00-00 00:00:00', 'นางไพบูลย์  เสมอใจ  ', 0),
(30, '01500030', 'นางสาว', 'พัชรินท์', 'สมศรี', '', '', '', '0000-00-00', 'op', 0, '0000-00-00 00:00:00', '0000-00-00 00:00:00', 'นางสาวพัชรินท์  สมศรี  ', 0),
(31, '01500031', 'ด.ญ.', 'กนกกร', 'วงศ์สุวรรณ', '', '', '', '0000-00-00', 'op', 0, '0000-00-00 00:00:00', '0000-00-00 00:00:00', 'เด็กหญิงกนกกร  วงศ์สุวรรณ  ', 0),
(32, '01500032', '', 'กองทุนผู้สูงอายุหมู่ 8 ต.อุโมงค์ อ.เมือง จ.ลำพูน', '', '', '', '', '0000-00-00', 'op', 0, '0000-00-00 00:00:00', '0000-00-00 00:00:00', 'กองทุนผู้สูงอายุหมู่ 8 ต.อุโมงค์ อ.เมือง จ.ลำพูน    ', 0),
(33, '01500033', 'นาง', 'คำเอ้ย', 'เสมอใจ', '', '', '', '0000-00-00', 'op', 0, '0000-00-00 00:00:00', '0000-00-00 00:00:00', 'นางคำเอ้ย  เสมอใจ  ', 0),
(34, '01500034', '', 'นางพงษ์ศักดิ์ ', 'ลิอุโมงค์', '', '', '', '0000-00-00', 'op', 0, '0000-00-00 00:00:00', '0000-00-00 00:00:00', 'นางพงษ์ศักดิ์  ลิอุโมงค์ และนายณรงค์ศักดิ์ กองเจริญ    ', 0),
(35, '01500035', 'นาง', 'อุไรวรรณ', 'คันทวงค์', '', '', '', '0000-00-00', 'op', 0, '0000-00-00 00:00:00', '0000-00-00 00:00:00', 'นางอุไรวรรณ  คันทวงค์  ', 0),
(36, '01510036', 'จสอ.', 'ประพัฒน์', 'ถนอม', '', '', '', '0000-00-00', 'op', 0, '0000-00-00 00:00:00', '0000-00-00 00:00:00', 'จสอ.ประพัฒน์  ถนอม  เพื่อเด็กชายปวีณวัช จุลเจิมศักดิ์ ', 0),
(37, '01510037', 'นาย', 'ปฏิภาคย์ ', 'แปลงอุโมงค์', '', '', '', '0000-00-00', 'op', 0, '0000-00-00 00:00:00', '0000-00-00 00:00:00', 'นายปฏิภาคย์   แปลงอุโมงค์  เพื่อ ด.ช.ชัชพีร์ แปลงอุโมงค์', 0),
(38, '01510038', 'นาย', 'จักรกฤษณ์', 'ถาบุญ', '', '', '', '0000-00-00', 'op', 0, '0000-00-00 00:00:00', '0000-00-00 00:00:00', 'นายจักรกฤษณ์  ถาบุญ  เพื่อ ด.ญ.จิรัชญา ถาบุญ', 0),
(39, '01510039', 'ด.ญ.', 'บุษกร', 'ศรีวิลับ', '', '', '', '0000-00-00', 'op', 0, '0000-00-00 00:00:00', '0000-00-00 00:00:00', 'ด.ญ.บุษกร  ศรีวิลับ  โดย นายไพรวัลย์ ศรีวิลัย ', 0),
(40, '01510040', 'นาง', 'จันทร์เพ็ญ', 'ขันแก้ว', '', '', '', '0000-00-00', 'op', 0, '0000-00-00 00:00:00', '0000-00-00 00:00:00', 'นางจันทร์เพ็ญ  ขันแก้ว  ', 0),
(41, '01510041', '', 'วงดนตรีพื้นเมืองบ้านไร่ หมู่ 8', '', '', '', '', '0000-00-00', 'op', 0, '0000-00-00 00:00:00', '0000-00-00 00:00:00', 'วงดนตรีพื้นเมืองบ้านไร่ หมู่ 8    ', 0),
(42, '01510042', 'นาง', 'ไฮ', 'กันทะอุโมงค์', '', '', '', '0000-00-00', 'op', 0, '0000-00-00 00:00:00', '0000-00-00 00:00:00', '\r\n\r\nนางไฮ  กันทะอุโมงค์  เพื่อ ด.ช.ชัยวัฒน์ ดวงเกิด', 0),
(43, '01510043', '', 'น้ำดื่มชุมชนบ้านไร่ ', '', '', '', '', '0000-00-00', 'op', 0, '0000-00-00 00:00:00', '0000-00-00 00:00:00', 'น้ำ\r\n\r\nดื่มชุมชนบ้านไร่     ', 0),
(44, '01510044', '', 'น้ำดื่มชุมชนบ้านไร่ (ค่าดำเนินงาน)', '', '', '', '', '0000-00-00', 'op', 0, '0000-00-00 00:00:00', '0000-00-00 00:00:00', 'น้ำดื่มชุมชนบ้านไร่ \r\n\r\n(ค่าดำเนินงาน)    ', 0),
(45, '01510045', '', 'น้ำดื่มชุมชนบ้านไร่ (ประกันความเสี่ยง)', '', '', '', '', '0000-00-00', 'op', 0, '0000-00-00 00:00:00', '0000-00-00 00:00:00', 'น้ำดื่มชุมชนบ้าน\r\n\r\nไร่ (ประกันความเสี่ยง)    ', 0),
(46, '01510046', 'ด.ช.', 'พุทธิชัยน์', 'เสมอใจ', '', '', '', '0000-00-00', 'op', 0, '0000-00-00 00:00:00', '0000-00-00 00:00:00', 'ด.ช.พุทธิชัยน์  เสมอใจ  ', 0),
(47, '01520047', '', 'กลุ่มแม่บ้านไร่พระบาท', '', '', '', '', '0000-00-00', 'op', 0, '0000-00-00 00:00:00', '0000-00-00 00:00:00', 'กลุ่มแม่บ้านไร่พระบาท', 0),
(48, '01520048', 'นาง', 'แสงเดือน', 'ปันเจริญ', '', '', '', '0000-00-00', 'op', 0, '0000-00-00 00:00:00', '2018-02-04 17:02:11', 'นางแสงเดือน  ปันเจริญ', 0),
(49, '01520049', '', 'กลุ่มแม่บ้านโต๊ะจีนไร่\r\n\r\nพระบาท', '', '', '', '', '0000-00-00', 'op', 0, '0000-00-00 00:00:00', '0000-00-00 00:00:00', 'กลุ่มแม่บ้านโต๊ะจีนไร่พระบาท', 0),
(50, '01520050', 'ด.ญ.', 'ลักษมี', 'ปัญญาแดง', '', '', '', '0000-00-00', 'op', 0, '0000-00-00 00:00:00', '0000-00-00 00:00:00', 'ด.ญ.ลักษมี  ปัญญาแดง  ', 0),
(51, '01520051', 'นาย', 'สิริวุฒิ', 'อินต๊ะสาร', '', '', '', '0000-00-00', 'op', 0, '0000-00-00 00:00:00', '0000-00-00 00:00:00', 'นายสิริวุฒิ  อินต๊ะสาร  ', 0),
(52, '01520052', '', 'กลุ่มแอร์โรบิคบ้านไร่', '', '', '', '', '0000-00-00', 'op', 0, '0000-00-00 00:00:00', '0000-00-00 00:00:00', 'กลุ่มแอร์โรบิคบ้านไร่', 0),
(53, '01520053', 'นางสาว', 'สุชาดา', 'ไชยศรี', '', '', '', '0000-00-00', 'op', 0, '0000-00-00 00:00:00', '0000-00-00 00:00:00', 'นาง\r\n\r\nสาวสุชาดา  ไชยศรี  ', 0),
(54, '01520054', 'นาง', 'ไฮ', 'กันทะอุโมงค์', '', '', '', '0000-00-00', 'op', 0, '0000-00-00 00:00:00', '0000-00-00 00:00:00', 'นางไฮ  กันทะอุโมงค์  เพื่อ ด.ญ.\r\n\r\nเบญมาภรณ์ ดวงเกิด', 0),
(55, '01520055', '', 'น้ำดื่มชุมชนบ้านไร่ หมู่ 8 (สาธารณะประโยชน์)', '', '', '', '', '0000-00-00', 'op', 0, '0000-00-00 00:00:00', '0000-00-00 00:00:00', 'น้ำดื่ม\r\n\r\nชุมชนบ้านไร่ หมู่ 8 (สาธารณะประโยชน์)    ', 0),
(56, '01520056', '', 'น้ำดื่มชุมชนบ้านไร่ หมู่ 8 (ค่าเสื่อม)', '', '', '', '', '0000-00-00', 'op', 0, '0000-00-00 00:00:00', '0000-00-00 00:00:00', 'น้ำดื่มชุมชนบ้านไร่ หมู่ 8 (ค่าเสื่อม)    ', 0),
(57, '01530057', 'นาง', 'ปวีณา', 'จุลเจิมศักดิ์', '', '', '', '0000-00-00', 'op', 0, '0000-00-00 00:00:00', '0000-00-00 00:00:00', '\r\n\r\nนางปวีณา  จุลเจิมศักดิ์  ', 0),
(58, '01530058', 'นาง', 'สมพร', 'พันธ์มงคล', '', '', '', '0000-00-00', 'op', 0, '0000-00-00 00:00:00', '0000-00-00 00:00:00', 'นางสมพร  พันธ์มงคล  เพื่อ \r\n\r\nด.ญ.กัญชิกา ธานีคำ', 0),
(59, '01530059', 'นาง', 'อำพร', 'วงค์สนั่น', '', '', '', '0000-00-00', 'op', 0, '0000-00-00 00:00:00', '0000-00-00 00:00:00', 'นางอำพร  วงค์สนั่น  เพื่อ ด.ญ.ปณี\r\n\r\nตา วงค์สุวรรณ', 0),
(60, '01530060', 'นางสาว', 'อังคณา', 'วงค์สถาน', '', '', '', '0000-00-00', 'op', 0, '0000-00-00 00:00:00', '0000-00-00 00:00:00', 'น.ส.อังคณา  วงค์สถาน  เพื่อ \r\n\r\nด.ญ.พรัชนันท์ กำจัด', 0),
(61, '01530061', 'นาง', 'สมพร', 'พันธ์มงคล', '', '', '', '0000-00-00', 'op', 0, '0000-00-00 00:00:00', '0000-00-00 00:00:00', 'นางสมพร  พันธ์มงคล  เพื่อ \r\n\r\nด.ญ.พัรญา ทองแหลม', 0),
(62, '01530062', 'นาง', 'ศรีเรือน', 'ไชยวรรณ', '', '', '', '0000-00-00', 'op', 0, '0000-00-00 00:00:00', '2017-04-20 11:13:09', 'นางศรีเรือน  ไชยวรรณ  เพื่อ \r\n\r\nด.ญ.ศศิริมล สุปินน๊ะวรรณา', 0),
(63, '01530063', '', 'ประพัฒน์', 'ถนอม', '', '', '', '0000-00-00', 'op', 0, '0000-00-00 00:00:00', '2017-04-09 06:04:01', 'จสอ.ประพัฒน์  ถนอม  เพื่อ \r\n\r\nน.ส.จันทร์จิรา  ถนอม', 0),
(64, '01530064', 'ด.ช.', 'ศักดิ์สุนันท์', 'แหล่งอุโมงค์', '', '', '', '0000-00-00', 'op', 0, '0000-00-00 00:00:00', '0000-00-00 00:00:00', 'ด.ช.ศักดิ์สุนันท์  แหล่ง\r\n\r\nอุโมงค์  ', 0),
(65, '01530065', 'นาง', 'วิมล', 'มะโนคำ', '', '', '', '0000-00-00', 'op', 0, '0000-00-00 00:00:00', '0000-00-00 00:00:00', 'นางวิมล  มะโนคำ  ', 0),
(66, '01530066', 'นาย', 'ณัฐวุฒิ', 'คันทวงค์', '', '', '', '0000-00-00', 'op', 0, '0000-00-00 00:00:00', '0000-00-00 00:00:00', 'นายณัฐวุฒิ  คันทวงค์  เพื่อ ด.ช.จตุรวิตต์ คันทวงค์', 0),
(67, '01530067', 'นาย', '\r\n\r\nภัทรพล ', 'เสมอใจ', '', '', '', '0000-00-00', 'op', 0, '0000-00-00 00:00:00', '0000-00-00 00:00:00', 'นายภัทรพล   เสมอใจ  เพื่อ ด.ช.ปิติภัทร เสมอใจ ', 0),
(68, '01530068', 'นางสาว', 'ทิพาพร', 'บัวจันทร์', '', '', '', '0000-00-00', 'op', 0, '0000-00-00 00:00:00', '0000-00-00 00:00:00', 'นางสาวทิพาพร  บัวจันทร์  ', 0),
(69, '01530069', 'นาย', 'ขจรศักดิ์', 'พันธ์อุโมงค์ ', '', '', '', '0000-00-00', 'op', 0, '0000-00-00 00:00:00', '0000-00-00 00:00:00', 'นายขจรศักดิ์  พันธ์อุโมงค์   เพื่อ ด.ญ.อภิญญา พันธุ์อุโมงค์', 0),
(70, '01530070', 'นาง', 'รำแพน', 'มะโน\r\n\r\nวรรณา', '', '', '', '0000-00-00', 'op', 0, '0000-00-00 00:00:00', '0000-00-00 00:00:00', 'นางรำแพน  มะโนวรรณา  ', 0),
(71, '01540071', '', 'เมืองคำ ', 'ออนจินดา', '', '', '', '0000-00-00', 'op', 0, '0000-00-00 00:00:00', '0000-00-00 00:00:00', 'เมืองคำ   ออนจินดา  ', 0),
(72, '01540072', 'ด.ช.', 'ณัฐพงษ์', 'บุญคำ', '', '', '', '0000-00-00', 'op', 0, '0000-00-00 00:00:00', '0000-00-00 00:00:00', 'ด.ช.ณัฐพงษ์  บุญคำ  ', 0),
(73, '01540073', 'ด.ช.', 'ณัฐกานต์', 'บุญคำ', '', '', '', '0000-00-00', 'op', 0, '0000-00-00 00:00:00', '0000-00-00 00:00:00', 'ด.ช.ณัฐกานต์  บุญคำ  ', 0),
(74, '01540074', 'นาง', 'ปราณี', 'เสมอใจ', '', '', '', '0000-00-00', 'op', 0, '0000-00-00 00:00:00', '0000-00-00 00:00:00', 'นางปราณี  เสมอใจ  \r\n\r\n', 0),
(75, '01540075', '', 'เก้าอี้และเต้นท์ไร่พระบาท', '', '', '', '', '0000-00-00', 'op', 0, '0000-00-00 00:00:00', '0000-00-00 00:00:00', 'เก้าอี้และเต้นท์ไร่พระบาท    ', 0),
(76, '01540076', 'ว่าที่ รต.', 'บัญชา ', 'โพธิเจริญ ', '', '', '', '0000-00-00', 'op', 0, '0000-00-00 00:00:00', '0000-00-00 00:00:00', 'ว่าที่ รต.บัญชา   โพธิเจริญ   เพื่อ ด.ญ.ณัฐณิชา โพธา\r\n\r\nเจริญ', 0),
(77, '01540077', 'นาง', 'วิไล', 'จินนา', '', '', '', '0000-00-00', 'op', 0, '0000-00-00 00:00:00', '0000-00-00 00:00:00', 'นางวิไล  จินนา  ', 0),
(78, '01540078', 'นาง', 'ศรีไพร', 'อภิวงค์คำ', '', '', '', '0000-00-00', 'op', 0, '0000-00-00 00:00:00', '0000-00-00 00:00:00', 'นางศรีไพร  อภิวงค์คำ  ', 0),
(79, '01540079', 'นาง', 'ธัญญพัฒน์', 'คัชมาฒย์', '', '', '', '0000-00-00', 'op', 0, '0000-00-00 00:00:00', '0000-00-00 00:00:00', 'นางธัญญพัฒน์  คัชมาฒย์  เพื่อ ด.ช.ภูมิดนัย  คัชมาตย์', 0),
(80, '01540080', 'จสอ.', 'ประพัฒน์', 'ถนอม', '', '', '', '0000-00-00', 'op', 0, '0000-00-00 00:00:00', '0000-00-00 00:00:00', 'จสอ.ประพัฒน์  ถนอม  ', 0),
(81, '01540081', 'ด.ญ.', 'พชรมณ', 'อิ่นคำ', '', '', '', '0000-00-00', 'op', 0, '0000-00-00 00:00:00', '0000-00-00 00:00:00', 'ด.ญ.พชรมณ  อิ่นคำ  ', 0),
(82, '01540082', 'ด.ช.', 'ณฐนน', 'อิ่นคำ', '', '', '', '0000-00-00', 'op', 0, '0000-00-00 00:00:00', '0000-00-00 00:00:00', 'ด.ช.ณฐนน  อิ่นคำ  ', 0),
(83, '01540083', 'นาง', 'จิราพร', 'จำปาทอง ', '', '', '', '0000-00-00', 'op', 0, '0000-00-00 00:00:00', '0000-00-00 00:00:00', 'นางจิราพร  จำปา\r\n\r\nทอง   เพื่อ ด.ญ.น้ำเพชร โพธา', 0),
(84, '01540084', 'ด.ญ.', 'กัญญาณี', 'คุณรังษี', '', '', '', '0000-00-00', 'op', 0, '0000-00-00 00:00:00', '0000-00-00 00:00:00', 'ด.ญ.กัญญาณี  คุณ\r\n\r\nรังษี  ให้ นายสุริยัน คุณรังษี', 0),
(85, '01540085', 'ด.ญ.', 'กัญญาณัฐ', 'คุณรังษี', '', '', '', '0000-00-00', 'op', 0, '0000-00-00 00:00:00', '0000-00-00 00:00:00', 'ด.ญ.กัญญาณัฐ  คุณ\r\n\r\nรังษี  โดย นายสุริยัน คุณรังษี ', 0),
(86, '01550086', 'นาง', 'นงค์รัก', 'คำมาโมงค์', '', '', '', '0000-00-00', 'op', 0, '0000-00-00 00:00:00', '0000-00-00 00:00:00', 'นางนงค์รัก  คำมาโมงค์ \r\n\r\n ', 0),
(87, '01550087', 'ด.ญ.', 'สุมินตรา ', 'เมืองลือ', '', '', '', '0000-00-00', 'op', 0, '0000-00-00 00:00:00', '0000-00-00 00:00:00', 'ด.ญ.สุมินตรา   เมืองลือ  ', 0),
(88, '01550088', 'ด.ญ.', 'ญาสุมินทร์', 'เมืองลือ', '', '', '', '0000-00-00', 'op', 0, '0000-00-00 00:00:00', '0000-00-00 00:00:00', 'ด.ญ.ญาสุมินทร์  เมืองลือ  ', 0),
(89, '01550089', 'นาง', 'เรียงคำ', 'กันทะอุโมงค์', '', '', '', '0000-00-00', 'op', 0, '0000-00-00 00:00:00', '2018-01-07 20:01:56', 'นางเรียงคำ  กันทะอุโมงค์  เปลี่ยนชื่อ ปิยาภรณ์ กันทะอุโมงค์', 0),
(90, '01550090', 'นาย', 'กรณพัฒน์', 'ทิพย์อุโมงค์', '', '', '', '0000-00-00', 'op', 0, '0000-00-00 00:00:00', '0000-00-00 00:00:00', 'นายกรณพัฒน์  ทิพย์อุโมงค์  ', 0),
(91, '01550091', 'นางสาว', 'สุพรรณี', 'ชัย\r\n\r\nเจริญ', '', '', '', '0000-00-00', 'op', 0, '0000-00-00 00:00:00', '0000-00-00 00:00:00', 'นางสาวสุพรรณี  ชัยเจริญ  ', 0),
(92, '01550092', 'นางสาว', 'จารุณี', 'ปินตา', '', '', '', '0000-00-00', 'op', 0, '0000-00-00 00:00:00', '0000-00-00 00:00:00', 'นางสาวจารุณี  ปินตา  ', 0),
(93, '01550093', 'นาย', 'เลิศเกียรติ', 'กันทะอุโมงค์', '', '', '', '0000-00-00', 'op', 0, '0000-00-00 00:00:00', '0000-00-00 00:00:00', 'นายเลิศเกียรติ  กันทะอุโมงค์  ', 0),
(94, '01550094', '', 'SML บ้านไร่ หมู่ 8 ', '', '', '', '', '0000-00-00', 'op', 0, '0000-00-00 00:00:00', '0000-00-00 00:00:00', 'SML บ้านไร่ หมู่ 8     ', 0),
(95, '01550095', 'นาง', 'ไฮ', 'กันทะอุโมงค์', '', '', '', '0000-00-00', 'op', 0, '0000-00-00 00:00:00', '0000-00-00 00:00:00', 'นางไฮ  \r\n\r\nกันทะอุโมงค์  ', 0),
(96, '01560096', 'ด.ช.', 'ภูธิชญาธร', 'ต้อนรับ', '', '', '', '0000-00-00', 'op', 0, '0000-00-00 00:00:00', '0000-00-00 00:00:00', 'ด.ช.ภูธิชญาธร  ต้อนรับ  ', 0),
(97, '01560097', 'นาย', 'มานะศักดิ์', 'หวันชะณี', '', '', '', '0000-00-00', 'op', 0, '0000-00-00 00:00:00', '0000-00-00 00:00:00', 'นายมานะศักดิ์  หวันชะณี  ', 0),
(98, '01560098', 'ด.ญ.', 'อภากรณ์', 'เสมอใจ ', '', '', '', '0000-00-00', 'op', 0, '0000-00-00 00:00:00', '2017-05-07 17:05:42', 'ด.ญ.อาภากรณ์  เสมอใจ   ', 0),
(99, '01560099', 'นาย', 'ชัยวัฒน์', 'ธรรมอุโมงค์', '', '', '', '0000-00-00', 'op', 0, '0000-00-00 00:00:00', '0000-00-00 00:00:00', 'นายชัยวัฒน์  ธรรมอุโมงค์  ', 0),
(100, '01560100', 'ด.ญ.', 'ชนัดดา', 'กันทะอุโมงค์', '', '', '', '0000-00-00', 'op', 0, '0000-00-00 00:00:00', '0000-00-00 00:00:00', 'ด.ญ.ชนัดดา  กันทะอุโมงค์  ', 0),
(101, '01560101', '', 'ต้นกล้ากองทุนแม่ของแผ่นดินบ้านไร่', '', '', '', '', '0000-00-00', 'op', 0, '0000-00-00 00:00:00', '0000-00-00 00:00:00', 'ต้นกล้ากองทุนแม่ของแผ่นดินบ้านไร่    ', 0),
(102, '01570102', 'นาย', 'สุริยัน', 'คุณรังษี', '', '', '', '0000-00-00', 'op', 0, '0000-00-00 00:00:00', '0000-00-00 00:00:00', 'นายสุริยัน  คุณรังษี  เพื่อ ด.ช.กาณต์ณรงค์  คุณรักษา', 0),
(103, '01570103', 'นาง', 'พรกมล', 'อุตตะรี', '', '', '', '0000-00-00', 'op', 0, '0000-00-00 00:00:00', '0000-00-00 00:00:00', 'นางพรกมล  อุตตะรี  ', 0),
(104, '01570104', 'นาง', 'ปวีณา', 'กุนนารา', '', '', '', '0000-00-00', 'op', 0, '0000-00-00 00:00:00', '0000-00-00 00:00:00', 'นางปวีณา  กุนนารา  เพื่อ ด.ช.ศักดิ์นันท์ กุนนารา', 0),
(105, '01570105', 'นาง', 'ปวีณา', 'กุนนารา', '', '', '', '0000-00-00', 'op', 0, '0000-00-00 00:00:00', '0000-00-00 00:00:00', 'นางปวีณา  กุนนารา  เพื่อ ด.ช.ศักดิ์นันท์ กุนนารา', 0),
(106, '01570106', 'นาย', 'ดวงตา', 'จับใจนาย', '', '', '', '0000-00-00', 'op', 0, '0000-00-00 00:00:00', '0000-00-00 00:00:00', 'นายดวงตา  จับใจนาย  เพื่อ ด.ญ.กัญญาณัฐ จับใจนาย', 0),
(107, '01570107', 'นาง', 'รสรินทร์', 'เชื้อจิต', '', '', '', '0000-00-00', 'op', 0, '0000-00-00 00:00:00', '0000-00-00 00:00:00', 'นางรสรินทร์  เชื้อจิต  เพื่อ ด.ช.สุรชัย โพงมา', 0),
(108, '01570108', 'นาง', 'สุภาวดี', 'หูไว', '', '', '', '0000-00-00', 'op', 0, '0000-00-00 00:00:00', '0000-00-00 00:00:00', 'นางสุภาวดี  หูไว  เพื่อ ด.ญ.นันทิกานต์ หูไว', 0),
(109, '01570109', 'นาง', 'พาณี', 'สุปินน๊ะวรรณา', '', '', '', '0000-00-00', 'op', 0, '0000-00-00 00:00:00', '2018-01-07 20:01:09', 'นางพาณี  สุปินน๊ะวรรณา  เพื่อ ด.ช.กรกคุต สุปินน๊ะวรรณา', 0),
(110, '01570110', 'นาง', 'ศรินยา ', 'ยารังฝั้น', '', '', '', '0000-00-00', 'op', 0, '0000-00-00 00:00:00', '2017-06-04 15:06:20', 'นางศรินยา   ยารังฝั้น  เพื่อ ด.ญ.เขมิสรา ยารังฝั้น', 0),
(111, '01570111', 'นาย', 'สุวศักดิ์', 'โสภณจิตร', '', '', '', '0000-00-00', 'op', 0, '0000-00-00 00:00:00', '0000-00-00 00:00:00', '\r\n\r\nนายสุวศักดิ์  โสภณจิตร  เพื่อ ด.ญ.ณนรินทร์รัตน์  โสภณจิตร', 0),
(112, '01570112', 'นาง', 'ปุณิกา', 'ศรีวิชัย ', '', '', '', '0000-00-00', 'op', 0, '0000-00-00 00:00:00', '0000-00-00 00:00:00', 'นางปุณิกา  ศรีวิชัย   เพื่อ ด.ญ.นวียา เมฆประยูร', 0),
(113, '01570113', 'นาง', 'เอ้ย', 'อานันทิ', '', '', '', '0000-00-00', 'op', 0, '0000-00-00 00:00:00', '0000-00-00 00:00:00', 'นางเอ้ย  อานันทิ  ', 0),
(114, '01570114', 'นาง', 'ทัศนีย์', 'ปันทะธง', '', '', '', '0000-00-00', 'op', 0, '0000-00-00 00:00:00', '0000-00-00 00:00:00', 'นางทัศนีย์  ปันทะธง  \r\n\r\nเพื่อ ด.ญ.ปริวัฒน์  ปันทะธง', 0),
(115, '01580115', 'นาย', 'มานะศักดิ์', 'หวันธะณี', '', '', '', '0000-00-00', 'op', 0, '0000-00-00 00:00:00', '2018-01-07 20:01:57', 'นายมานะศักดิ์  หวันธะณี  เพื่อ ด.ญ.กานต์สิทณี หวันธะณี', 0),
(116, '01580116', 'นาย', 'วิทยา', 'สุรินวัน', '', '', '', '0000-00-00', 'op', 0, '0000-00-00 00:00:00', '0000-00-00 00:00:00', 'นายวิทยา  สุรินวัน  \r\n\r\nเพื่อ ด.ญ.วริยา สุรินวัน ', 0),
(117, '01580117', 'นาย', 'กฤษฎวุธ', 'ประสพโชคชัย ', '', '', '', '0000-00-00', 'op', 0, '0000-00-00 00:00:00', '0000-00-00 00:00:00', 'นายกฤษฎวุธ  \r\n\r\nประสพโชคชัย   ', 0),
(118, '01580118', 'นาง', 'รัชนี', 'กล่อมเอี้ยง', '', '', '', '0000-00-00', 'op', 0, '0000-00-00 00:00:00', '0000-00-00 00:00:00', 'นางรัชนี  กล่อมเอี้ยง  ', 0),
(119, '01580119', 'นางสาว', 'เฉลิมวรรณ', 'ศรีวิชัย', '', '', '', '0000-00-00', 'op', 0, '0000-00-00 00:00:00', '0000-00-00 00:00:00', 'น.ส.เฉลิมวรรณ  ศรีวิชัย  ', 0),
(120, '01580120', 'ด.ช.', 'พงษ์ศิริ', 'ศรีทิพย์', '', '', '', '0000-00-00', 'op', 0, '0000-00-00 00:00:00', '2018-09-02 16:09:49', 'ด.ช.พงษ์ศิริ   ศรีทิพย์ โดยนายยุทธนา ศรีทิพย์', 0),
(121, '01580121', 'ด.ญ.', 'พิมพ์วลัญช์', '\r\n\r\nลายนารี', '', '', '', '0000-00-00', 'op', 0, '0000-00-00 00:00:00', '0000-00-00 00:00:00', 'ด.ญ.พิมพ์วลัญช์  ลายนารี  ', 0),
(122, '01580122', 'นางสาว', 'จรูญรัตน์', 'ปากองวัน', '', '', '', '0000-00-00', 'op', 0, '0000-00-00 00:00:00', '0000-00-00 00:00:00', 'นางสาวจรูญรัตน์  ปากองวัน  ', 0),
(123, '01580123', 'นาย', 'ณรงค์ ', 'กันทะอุโมงค์', '', '', '', '0000-00-00', 'op', 0, '0000-00-00 00:00:00', '0000-00-00 00:00:00', 'นายณรงค์   กันทะอุโมงค์  และหรือ นางสาวรุ่งอรุโนทัย  ม่านมุงศิลป์', 0),
(124, '01580124', 'นาง', 'วรรณวริน', 'ตาใจ', '', '', '', '0000-00-00', 'op', 0, '0000-00-00 00:00:00', '0000-00-00 00:00:00', 'นางวรรณวริน  ตาใจ  ', 0),
(125, '01580125', 'นางสาว', 'ขวัญชนก', 'อินต๊ะสาร', '', '', '', '0000-00-00', 'op', 0, '0000-00-00 00:00:00', '0000-00-00 00:00:00', 'นางสาวขวัญชนก  อินต๊ะสาร  เพื่อบุตร', 0),
(126, '01580126', 'นาย', 'วรพล', 'มาลยพันธุ์', '', '', '', '0000-00-00', 'op', 0, '0000-00-00 00:00:00', '0000-00-00 00:00:00', 'นายวรพล  มาลยพันธุ์  เพื่อ ด.ช.ชัชชพล มาลยพันธุ์', 0),
(127, '01580127', 'นาย', 'วธพล ', 'มาลยพันธุ์', '', '', '', '0000-00-00', 'op', 0, '0000-00-00 00:00:00', '0000-00-00 00:00:00', 'นายวธพล   มาลยพันธุ์  เพื่อ ด.ช.นนทกร มาลยพันธุ์', 0),
(128, '01580128', 'นาง', 'ทิวาพร', 'นาธง', '', '', '', '0000-00-00', 'op', 0, '0000-00-00 00:00:00', '2017-06-04 14:06:20', 'นางทิวาพร  นาธง  เพื่อ ด.ช.พสิษฐ์  นาธง', 0),
(129, '01580129', 'นาย', 'ธนรัตน์', 'ขัดลิ', '', '', '', '0000-00-00', 'op', 0, '0000-00-00 00:00:00', '0000-00-00 00:00:00', 'นายธนรัตน์  ขัดลิ  เพื่อ ด.ญ.อรฤทัย ขัดลิ', 0),
(130, '01580130', 'นาง ', 'ธิดาดาว', 'สิทธิปรุ', '', '', '', '0000-00-00', 'op', 0, '0000-00-00 00:00:00', '0000-00-00 00:00:00', 'นาง ธิดา\r\n\r\nดาว  สิทธิปรุ  เพื่อ ด.ญ.พรรณพัชร สิทธิปรุ', 0),
(131, '01580131', 'นาง', 'โสภา', 'ศรีวิชัย ', '', '', '', '0000-00-00', 'op', 0, '0000-00-00 00:00:00', '0000-00-00 00:00:00', 'นางโสภา  \r\n\r\nศรีวิชัย   ', 0),
(132, '01580132', 'นาย', 'ฐิติพงษ์', 'ทิพย์อุโมงค์', '', '', '', '0000-00-00', 'op', 0, '0000-00-00 00:00:00', '0000-00-00 00:00:00', 'นายฐิติพงษ์  ทิพย์อุโมงค์  เพื่อ ด.ญ.\r\n\r\nนันท์นภัส ทิพทย์อุโมงค์', 0),
(133, '02500001', 'นาง', 'บุญเลื่อน', 'ปลัดกองวัน', '', '', '', '0000-00-00', 'op', 0, '0000-00-00 00:00:00', '0000-00-00 00:00:00', 'นางบุญเลื่อน  ปลัดกอง\r\n\r\nวัน  ', 0),
(134, '02500002', 'ด.ญ.', 'ณภัทร', 'วงศ์เรือน', '', '', '', '0000-00-00', 'op', 0, '0000-00-00 00:00:00', '0000-00-00 00:00:00', 'ด.ญ.ณภัทร  วงศ์เรือน  ', 0),
(135, '02500003', 'นาง', 'มณี', 'พฤฒิศาริกร', '', '', '', '0000-00-00', 'op', 0, '0000-00-00 00:00:00', '0000-00-00 00:00:00', 'นางมณี  พฤฒิศาริกร  ', 0),
(136, '02500004', 'นาง', 'สีลา', 'ศรีวิชัย', '', '', '', '0000-00-00', 'op', 0, '0000-00-00 00:00:00', '0000-00-00 00:00:00', 'นางสีลา  ศรีวิชัย  ', 0),
(137, '02500005', 'นาง', 'อุไร', 'จ่ายประภัสสร', '', '', '', '0000-00-00', 'op', 0, '0000-00-00 00:00:00', '0000-00-00 00:00:00', 'นางอุไร  จ่ายประภัสสร  ', 0),
(138, '02500006', 'นาง', 'เอ้ย', 'อานันทิ', '', '', '', '0000-00-00', 'op', 0, '0000-00-00 00:00:00', '0000-00-00 00:00:00', 'นางเอ้ย  อานันทิ  ', 0),
(139, '02500007', 'นาย', 'ประเสริฐ', 'เมฆะ', '', '', '', '0000-00-00', 'op', 0, '0000-00-00 00:00:00', '0000-00-00 00:00:00', 'นายประเสริฐ  เมฆะ  ', 0),
(140, '02500008', 'นาง', 'ศรีทอน', 'กันทะอุโมงค์', '', '', '', '0000-00-00', 'op', 0, '0000-00-00 00:00:00', '0000-00-00 00:00:00', 'นางศรีทอน  กันทะอุโมงค์  ', 0),
(141, '02500009', 'นาย', 'เจนณรงค์', 'กันทะอุโมงค์', '', '', '', '0000-00-00', 'op', 0, '0000-00-00 00:00:00', '0000-00-00 00:00:00', 'นายเจนณรงค์  กันทะอุโมงค์  ', 0),
(142, '02500010', '\r\n\r\nนาย', 'วิรัตน์', 'กันทะอุโมงค์', '', '', '', '0000-00-00', 'op', 0, '0000-00-00 00:00:00', '0000-00-00 00:00:00', 'นายวิรัตน์  กันทะอุโมงค์  ', 0),
(143, '02500011', 'นาง', 'สุนันทา', 'จัน\r\n\r\nทราช', '', '', '', '0000-00-00', 'op', 0, '0000-00-00 00:00:00', '0000-00-00 00:00:00', 'นางสุนันทา  จันทราช  ', 0),
(144, '02500012', 'นางสาว', 'เฉลิมวรรณ', 'ศรีวิชัย', '', '', '', '0000-00-00', 'op', 0, '0000-00-00 00:00:00', '0000-00-00 00:00:00', 'นางสาวเฉลิมวรรณ  ศรีวิชัย  ', 0),
(145, '02500013', 'นาย', 'บุญมี', 'กันทะอุโมงค์', '', '', '', '0000-00-00', 'op', 0, '0000-00-00 00:00:00', '0000-00-00 00:00:00', 'นายบุญมี  กันทะอุโมงค์  ', 0),
(146, '02500014', 'นาง', 'ไพรวัลย์', 'ศิวิลัย', '', '', '', '0000-00-00', 'op', 0, '0000-00-00 00:00:00', '0000-00-00 00:00:00', 'นางไพรวัลย์  ศิวิลัย  ', 0),
(147, '02500015', 'นาง', 'ทองสาย', 'ตาใจ', '', '', '', '0000-00-00', 'op', 0, '0000-00-00 00:00:00', '0000-00-00 00:00:00', 'นาง\r\n\r\nทองสาย  ตาใจ  ', 0),
(148, '02500016', 'นาง', 'บัวเร็ว', 'ปารมีโมงค์', '', '', '', '0000-00-00', 'op', 0, '0000-00-00 00:00:00', '0000-00-00 00:00:00', 'นางบัวเร็ว  ปารมีโมงค์  ', 0),
(149, '02500017', 'นาง', 'เรือนคำ', 'ณ เชียงใหม่', '', '', '', '0000-00-00', 'op', 0, '0000-00-00 00:00:00', '0000-00-00 00:00:00', 'นางเรือนคำ  ณ เชียงใหม่  ', 0),
(150, '02500018', 'นางสาว', 'จรูญรัตน์', 'ปากองวัน', '', '', '', '0000-00-00', 'op', 0, '0000-00-00 00:00:00', '0000-00-00 00:00:00', 'นางสาวจรูญรัตน์  ปากองวัน  ', 0),
(151, '02500019', 'นาง', 'อินทรีย์', 'กัญญาธง', '', '', '', '0000-00-00', 'op', 0, '0000-00-00 00:00:00', '0000-00-00 00:00:00', 'นางอินทรีย์  กัญญาธง  ', 0),
(152, '02500020', 'นางสาว', 'วิชชุดา', 'มะโนคำ ', '', '', '', '0000-00-00', 'op', 0, '0000-00-00 00:00:00', '0000-00-00 00:00:00', 'นางสาววิชชุดา  มะโนคำ   เพื่อ ด.ช.โชควินต์ อิกำเนิด', 0),
(153, '02500021', 'นางสาว', 'บัวเขียว', 'ออนจินดา', '', '', '', '0000-00-00', 'op', 0, '0000-00-00 00:00:00', '2018-01-14 20:01:15', 'นางสาวบัวเขียว  ออนจินดา  เพื่อนายเจนภพ   ตายอด', 0),
(154, '02500022', 'นางสาว', 'บัวเขียว', 'ออนจินดา', '', '', '', '0000-00-00', 'op', 0, '0000-00-00 00:00:00', '2018-01-14 20:01:54', 'นางสาวบัวเขียว  ออนจินดา  เพื่อนายธานี   ปัญญาทะ', 0),
(155, '02500023', 'นาย', 'จำเนียร', 'กัลยาโน', '', '', '', '0000-00-00', 'op', 0, '0000-00-00 00:00:00', '0000-00-00 00:00:00', 'นายจำเนียร  กัลยาโน  ', 0),
(156, '02500024', 'นาง', 'สมพล', 'ญาณะศร', '', '', '', '0000-00-00', 'op', 0, '0000-00-00 00:00:00', '0000-00-00 00:00:00', 'นางสมพล  ญาณะศร  ', 0),
(157, '02500025', 'นาง', 'ฟองแก้ว', 'ญาณะศร', '', '', '', '0000-00-00', 'op', 0, '0000-00-00 00:00:00', '2018-01-14 20:01:12', 'นางฟองแก้ว  ญาณะศร  ', 0),
(158, '02500026', 'ด.ช.', 'ศุภวิชญ์', 'บุษราภรณ์', '', '', '', '0000-00-00', 'op', 0, '0000-00-00 00:00:00', '0000-00-00 00:00:00', 'ด.ช.ศุภวิชญ์  บุษราภรณ์  ', 0),
(159, '02500027', 'ด.ช.', 'วิบูลย์วิทย์', 'บุษราภรณ์', '', '', '', '0000-00-00', 'op', 0, '0000-00-00 00:00:00', '0000-00-00 00:00:00', 'ด.ช.วิบูลย์วิทย์  บุษราภรณ์  ', 0),
(160, '02500028', '', '\r\n\r\nกลุ่มส่งเสริมสุขภาพ (ผู้สูงอายุ)', '', '', '', '', '0000-00-00', 'op', 0, '0000-00-00 00:00:00', '0000-00-00 00:00:00', 'กลุ่มส่งเสริมสุขภาพ (ผู้สูงอายุ)    ', 0),
(161, '02500029', '', 'ศูนย์ส่ง\r\n\r\nเสริมอาชีพและพัฒนาเศรษฐกิจชุมชน ต.อุโม', '', '', '', '', '0000-00-00', 'op', 0, '0000-00-00 00:00:00', '0000-00-00 00:00:00', 'ศูนย์ส่งเสริมอาชีพและพัฒนาเศรษฐกิจชุมชน ต.\r\n\r\nอุโมงค์ (เงินทุนสำรอง)    ', 0),
(162, '02510030', 'นาง', 'สุพรรณา', 'ทิพย์อุโมงค์', '', '', '', '0000-00-00', 'op', 0, '0000-00-00 00:00:00', '0000-00-00 00:00:00', 'นางสุพรรณา  ทิพย์\r\n\r\nอุโมงค์  ', 0),
(163, '02510031', 'นาย', 'บุญรัตน์', 'คำใจ', '', '', '', '0000-00-00', 'op', 0, '0000-00-00 00:00:00', '0000-00-00 00:00:00', 'นายบุญรัตน์  คำใจ  ', 0),
(164, '02510032', '\r\n\r\nนาง', 'พิกุล', 'เกิดผล', '', '', '', '0000-00-00', 'op', 0, '0000-00-00 00:00:00', '0000-00-00 00:00:00', 'นางพิกุล  เกิดผล  ', 0),
(165, '02510033', 'นาย', 'นิกร', 'กันทะอุโมงค์', '', '', '', '0000-00-00', 'op', 0, '0000-00-00 00:00:00', '0000-00-00 00:00:00', 'นายนิกร  กันทะอุโมงค์  ', 0),
(166, '02510034', 'นางสาว', 'สุธีกานต์', 'ติขะธรรม', '', '', '', '0000-00-00', 'op', 0, '0000-00-00 00:00:00', '0000-00-00 00:00:00', 'น.ส.สุธีกานต์  ติขะธรรม  ', 0),
(167, '02510035', 'นาง', 'แก้ว', 'ไชยศรี', '', '', '', '0000-00-00', 'op', 0, '0000-00-00 00:00:00', '0000-00-00 00:00:00', 'นางแก้ว  ไชยศรี  ', 0),
(168, '02520036', 'นาง', 'สุนันทา', 'จันทราช', '', '', '', '0000-00-00', 'op', 0, '0000-00-00 00:00:00', '0000-00-00 00:00:00', 'นางสุ\r\n\r\nนันทา  จันทราช  เพื่อ ด.ญ.พิมพ์วลัญช์ ลายนารี', 0),
(169, '02520037', 'นางสาว', 'วาสนา ', 'ไชยวงค์', '', '', '', '0000-00-00', 'op', 0, '0000-00-00 00:00:00', '0000-00-00 00:00:00', '\r\n\r\nนางสาววาสนา   ไชยวงค์  ', 0),
(170, '02520038', 'นาย', 'ชิดชัย ', 'จันต๊ะหลวง ', '', '', '', '0000-00-00', 'op', 0, '0000-00-00 00:00:00', '0000-00-00 00:00:00', 'นายชิดชัย   จันต๊ะหลวง \r\n\r\n  ', 0),
(171, '02520039', 'นางสาว', 'สุชาดา', 'ไชยศรี ', '', '', '', '0000-00-00', 'op', 0, '0000-00-00 00:00:00', '0000-00-00 00:00:00', 'นางสาวสุชาดา  ไชยศรี   ', 0),
(172, '02520040', 'นาย', 'แก้วดี ', 'ปิติปรีดากุล', '', '', '', '0000-00-00', 'op', 0, '0000-00-00 00:00:00', '0000-00-00 00:00:00', 'นายแก้วดี   ปิติปรีดากุล  ', 0),
(173, '02520041', 'นาง', '\r\n\r\nกรองทอง', 'ขัดอุโมงค์', '', '', '', '0000-00-00', 'op', 0, '0000-00-00 00:00:00', '0000-00-00 00:00:00', 'นางกรองทอง  ขัดอุโมงค์  ', 0),
(174, '02520042', 'นางสาว', 'วริศวง', 'ขัด\r\n\r\nอุโมงค์', '', '', '', '0000-00-00', 'op', 0, '0000-00-00 00:00:00', '0000-00-00 00:00:00', 'นางสาววริศวง  ขัดอุโมงค์  ', 0),
(175, '02520043', '', 'กองทุนหมู่บ้านบ้านไร่ หมู่ที่ 8 (เงินประ\r\n\r\nกันควา', '', '', '', '', '0000-00-00', 'op', 0, '0000-00-00 00:00:00', '0000-00-00 00:00:00', 'กองทุนหมู่บ้านบ้านไร่ หมู่ที่ 8 (เงินประกันความเสี่ยง)    ', 0),
(176, '02530044', 'นาง', '\r\n\r\nปวีณา', 'จุลเจิมศักดิ์', '', '', '', '0000-00-00', 'op', 0, '0000-00-00 00:00:00', '0000-00-00 00:00:00', 'นางปวีณา  จุลเจิมศักดิ์  เพื่อ ด.ญ.ปาณชีวา จุลเจิมศักดิ์ ', 0),
(177, '02530045', '\r\n\r\nนาง', 'ผ่องพันธ์', 'ต๊ะแก้ว', '', '', '', '0000-00-00', 'op', 0, '0000-00-00 00:00:00', '0000-00-00 00:00:00', 'นางผ่องพันธ์  ต๊ะแก้ว  ', 0),
(178, '02530046', 'นาง', 'บุญชื่น ', 'เสมอใจ ', '', '', '', '0000-00-00', 'op', 0, '0000-00-00 00:00:00', '0000-00-00 00:00:00', 'นางบุญชื่น   เสมอใจ   ', 0),
(179, '02530047', 'นาง', 'รัตนาภรณ์', 'ทองนะวงสินธุ์', '', '', '', '0000-00-00', 'op', 0, '0000-00-00 00:00:00', '0000-00-00 00:00:00', 'นางรัตนาภรณ์  ทองนะวงสินธุ์  ', 0),
(180, '02530048', 'นาง', 'ปวีณา', 'จุลเจิมศักดิ์', '', '', '', '0000-00-00', 'op', 0, '0000-00-00 00:00:00', '0000-00-00 00:00:00', 'นางปวีณา  จุลเจิมศักดิ์  เพื่อ ด.ช.ปวีณวัช จุลเจิมศักดิ์', 0),
(181, '02530049', 'นาง', 'รัญจวน', 'บุญปัญญา', '', '', '', '0000-00-00', 'op', 0, '0000-00-00 00:00:00', '0000-00-00 00:00:00', 'นางรัญจวน  บุญปัญญา  ', 0),
(182, '02530050', 'นาง', 'บัวเรียว ', 'จิตต์ธรรม', '', '', '', '0000-00-00', 'op', 0, '0000-00-00 00:00:00', '0000-00-00 00:00:00', 'นางบัวเรียว   จิตต์ธรรม  ', 0),
(183, '02530051', 'นาง', 'บัวเนตร', 'ดีอุโมง์', '', '', '', '0000-00-00', 'op', 0, '0000-00-00 00:00:00', '0000-00-00 00:00:00', 'นางบัวเนตร  \r\n\r\nดีอุโมง์  ', 0),
(184, '02540052', 'นาง', 'สายพร', 'บัวสาย', '', '', '', '0000-00-00', 'op', 0, '0000-00-00 00:00:00', '0000-00-00 00:00:00', 'นางสายพร  บัวสาย  ', 0),
(185, '02540053', '', 'พรกมล', 'ตาใจ', '', '', '', '0000-00-00', 'op', 0, '0000-00-00 00:00:00', '2017-12-03 18:12:59', 'คุณพรกมล  ตาใจ คุณกัลยาณวัตฒ์ อุตตระรี', 0),
(186, '02540054', 'นาง', '\r\n\r\nวิลาวัณย์', 'คำมา', '', '', '', '0000-00-00', 'op', 0, '0000-00-00 00:00:00', '0000-00-00 00:00:00', 'นางวิลาวัณย์  คำมา  ', 0),
(187, '02540055', 'ด.ญ.', 'ฉันทพัชญา ', 'คำนึง', '', '', '', '0000-00-00', 'op', 0, '0000-00-00 00:00:00', '0000-00-00 00:00:00', 'ด.ญ.ฉันทพัชญา   คำนึง  ', 0),
(188, '02540056', 'ด.ญ.', 'ชนกานต์', 'กาวิจา', '', '', '', '0000-00-00', 'op', 0, '0000-00-00 00:00:00', '0000-00-00 00:00:00', 'ด.ญ.ชนกานต์  กาวิจา  ', 0),
(189, '02550057', 'นางสาว', 'ฉัจฉรา', 'ยาชะวันนา ', '', '', '', '0000-00-00', 'op', 0, '0000-00-00 00:00:00', '0000-00-00 00:00:00', 'นางสาวฉัจฉรา  ยาชะวันนา   ', 0),
(190, '02550058', 'นาง', 'จุไรรัตน์', 'ตาใจ ', '', '', '', '0000-00-00', 'op', 0, '0000-00-00 00:00:00', '0000-00-00 00:00:00', 'นางจุไรรัตน์  ตาใจ   ', 0);
INSERT INTO `memberbank` (`bankno`, `bankid`, `pname`, `mname`, `lname`, `idcard`, `address`, `telephone`, `birthday`, `bankstatus`, `workno`, `createdate`, `lastupdate`, `bankname`, `bookbalance`) VALUES
(191, '02550059', 'ด.ช.', 'สิทธา', 'พรหมเทศน์', '', '', '', '0000-00-00', 'op', 0, '0000-00-00 00:00:00', '0000-00-00 00:00:00', 'ด.ช.สิทธา  \r\n\r\nพรหมเทศน์  ', 0),
(192, '02550060', 'นางสาว', 'อุษณี', 'อินทร์ขำ', '', '', '', '0000-00-00', 'op', 0, '0000-00-00 00:00:00', '0000-00-00 00:00:00', 'นางสาวอุษณี  อินทร์ขำ  ', 0),
(193, '02550061', 'นาง', 'รัชนี ', 'กล่อมเอี้ยง', '', '', '', '0000-00-00', 'op', 0, '0000-00-00 00:00:00', '0000-00-00 00:00:00', 'นางรัชนี   กล่อมเอี้ยง  ', 0),
(194, '02550062', 'ด.ญ.', 'วรางคณา ', 'สวาย ', '', '', '', '0000-00-00', 'op', 0, '0000-00-00 00:00:00', '0000-00-00 00:00:00', 'ด.ญ.วรางคณา   สวาย   ', 0),
(195, '02550063', 'ด.ช.', 'ธันวารักษ์', 'วันดี', '', '', '', '0000-00-00', 'op', 0, '0000-00-00 00:00:00', '0000-00-00 00:00:00', 'ด.ช.ธันวารักษ์  วันดี  ', 0),
(196, '02550064', 'นาง', 'คำ\r\n\r\nเอ้ย', 'เสมอใจ ', '', '', '', '0000-00-00', 'op', 0, '0000-00-00 00:00:00', '0000-00-00 00:00:00', 'นางคำเอ้ย  เสมอใจ   เพื่อนายพุทธนัยน์  เสมอใจ', 0),
(197, '02550065', 'นาง', 'กานี', 'กาวิจา', '', '', '', '0000-00-00', 'op', 0, '0000-00-00 00:00:00', '0000-00-00 00:00:00', 'นางกานี  กาวิจา  ', 0),
(198, '02550066', 'นาง ', 'อนง', 'เสนอุโมงค์', '', '', '', '0000-00-00', 'op', 0, '0000-00-00 00:00:00', '0000-00-00 00:00:00', 'นาง อนง  เสนอุโมงค์  ', 0),
(199, '02550067', 'นาง', 'จันทร์หอม', 'สิทธิบุญมี', '', '', '', '0000-00-00', 'op', 0, '0000-00-00 00:00:00', '0000-00-00 00:00:00', 'นางจันทร์หอม  สิทธิบุญมี  เพื่อ นายเทวินทร์ สิทธิบุญมี ', 0),
(200, '02560068', 'นาง', 'ประกายเพชร', 'ศรัรินนท์', '', '', '', '0000-00-00', 'op', 0, '0000-00-00 00:00:00', '0000-00-00 00:00:00', 'นางประกายเพชร  ศรัรินนท์  เพื่อ ด.ช.สิรินทรา ศรีธินนท์', 0),
(201, '02560069', 'นาย', 'วิทยา', 'โพธาเจริญ ', '', '', '', '0000-00-00', 'op', 0, '0000-00-00 00:00:00', '0000-00-00 00:00:00', 'นายวิทยา  โพธาเจริญ   เพื่อ ด.ญ.พิลาดา นาสุข ', 0),
(202, '02580070', 'นาย', 'ธรัตน์ ', 'น้อยสิน', '', '', '', '0000-00-00', 'op', 0, '0000-00-00 00:00:00', '0000-00-00 00:00:00', 'นายธรัตน์   น้อยสิน  ', 0),
(203, '02580071', 'ด.ญ.', 'ลัฎฐ์กฤภรณ์', 'มณีวรรณ', '', '', '', '0000-00-00', 'op', 0, '0000-00-00 00:00:00', '0000-00-00 00:00:00', 'ด.ญ.ลัฎฐ์กฤภรณ์  มณีวรรณ  ', 0),
(204, '02580072', 'นาง ', 'ศรีพรรณ ', 'จำกัด', '', '', '', '0000-00-00', 'op', 0, '0000-00-00 00:00:00', '0000-00-00 00:00:00', 'นาง ศรีพรรณ   จำกัด  เพื่อ ด.ญ.พรชินันท์ จำกัด', 0),
(205, '03500001', 'นาง', 'ไฮ', 'กันทะอุโมงค์', '', '', '', '0000-00-00', 'op', 0, '0000-00-00 00:00:00', '0000-00-00 00:00:00', 'นางไฮ  กันทะอุโมงค์  ', 0),
(206, '03500002', 'นาง', 'ยุพิน', 'หวันธะณี', '', '', '', '0000-00-00', 'op', 0, '0000-00-00 00:00:00', '0000-00-00 00:00:00', 'นางยุพิน  หวันธะณี  \r\n\r\n', 0),
(207, '03500003', 'นาง', 'สุนันทา', 'จันต๊ะหลวง ', '', '', '', '0000-00-00', 'op', 0, '0000-00-00 00:00:00', '0000-00-00 00:00:00', 'นางสุนันทา  จันต๊ะหลวง   ', 0),
(208, '03500004', 'ด.ญ.', 'ณัฎฐณิชา ', 'ศรีชนะ', '', '', '', '0000-00-00', 'op', 0, '0000-00-00 00:00:00', '0000-00-00 00:00:00', 'ด.ญ.ณัฎฐณิชา   ศรีชนะ  ', 0),
(209, '03500005', 'นาย', '\r\n\r\nดนัย', 'เนตรเจริญ ', '', '', '', '0000-00-00', 'op', 0, '0000-00-00 00:00:00', '0000-00-00 00:00:00', 'นายดนัย  เนตรเจริญ   ', 0),
(210, '03500006', 'นาง', 'พรศรี ', 'ศรีวิชัย ', '', '', '', '0000-00-00', 'op', 0, '0000-00-00 00:00:00', '0000-00-00 00:00:00', 'นางพรศรี   ศรีวิชัย   ', 0),
(211, '03510007', 'นาง', 'ผ่องมณี', 'ตัณฑ์พานิช', '', '', '', '0000-00-00', 'op', 0, '0000-00-00 00:00:00', '0000-00-00 00:00:00', 'นางผ่องมณี  ตัณฑ์พานิช  ', 0),
(212, '03520008', 'นาง', 'จันทร์เพ็ญ', 'ทาเกิด', '', '', '', '0000-00-00', 'op', 0, '0000-00-00 00:00:00', '2017-09-03 17:09:19', 'นางจันทร์เพ็ญ  ทาเกิด  ', 0),
(213, '03530009', 'นาง', 'มยุรีย์', 'กองเจริญ', '', '', '', '0000-00-00', 'op', 0, '0000-00-00 00:00:00', '0000-00-00 00:00:00', '\r\n\r\nนางมยุรีย์  กองเจริญ  และนายณรงค์ศักดิ์  กองเจริญ', 0),
(214, '03540010', 'นาง', 'ลัดดา', 'จันธง ', '', '', '', '0000-00-00', 'op', 0, '0000-00-00 00:00:00', '0000-00-00 00:00:00', '\r\n\r\nนางลัดดา  จันธง   ', 0),
(215, '03540011', 'นางสาว', 'สุชาดา', 'ไชยศรี ', '', '', '', '0000-00-00', 'op', 0, '0000-00-00 00:00:00', '0000-00-00 00:00:00', 'นางสาวสุชาดา  ไชยศรี   ', 0),
(216, '03540012', '', 'กลุ่มน้ำประปาบ้านไร่ตะวันออก', '', '', '', '', '0000-00-00', 'op', 0, '0000-00-00 00:00:00', '0000-00-00 00:00:00', 'กลุ่มน้ำประปาบ้านไร่ตะวันออก    ', 0),
(217, '03550013', '', 'ฐิตินันท์', 'แสนตาใจ ', '', '', '', '0000-00-00', 'op', 0, '0000-00-00 00:00:00', '0000-00-00 00:00:00', 'ฐิตินันท์  แสนตาใจ   ', 0),
(218, '03550014', 'ด.ช.', 'กฤษฎาวุธ', 'ประสพโชคชัย ', '', '', '', '0000-00-00', 'op', 0, '0000-00-00 00:00:00', '0000-00-00 00:00:00', 'ด.ช.กฤษฎาวุธ  ประสพโชคชัย   ', 0),
(219, '03550015', 'นาง', 'เครือวัลย์', 'บุญใหญ่', '', '', '', '0000-00-00', 'op', 0, '0000-00-00 00:00:00', '0000-00-00 00:00:00', 'นางเครือวัลย์  บุญใหญ่  ', 0),
(220, '03550016', 'นาง', 'รนนดา', 'พนพันชี ', '', '', '', '0000-00-00', 'op', 0, '0000-00-00 00:00:00', '0000-00-00 00:00:00', 'นางรนนดา  พนพันชี   ', 0),
(221, '03550017', 'นางสาว', 'พรรณี', 'จันต๊ะโมงค์', '', '', '', '0000-00-00', 'op', 0, '0000-00-00 00:00:00', '0000-00-00 00:00:00', 'นางสาวพรรณี  จันต๊ะโมงค์  เพื่อ ด.ญ.ภัทรานิษฐ  สมมะโน', 0),
(222, '03550018', 'นางสาว', 'รัตติกาล', 'ใจการ', '', '', '', '0000-00-00', 'op', 0, '0000-00-00 00:00:00', '0000-00-00 00:00:00', 'น.ส.รัตติกาล  ใจการ  ', 0),
(223, '03550019', 'นาง', 'ปรียาวัลย์', 'กันทะอุโมงค์', '', '', '', '0000-00-00', 'op', 0, '0000-00-00 00:00:00', '0000-00-00 00:00:00', 'นางปรียาวัลย์  กันทะอุโมงค์  ', 0),
(224, '03550020', 'นางสาว', 'บัวสาย', 'ยอดแก้ว', '', '', '', '0000-00-00', 'op', 0, '0000-00-00 00:00:00', '0000-00-00 00:00:00', 'น.ส.บัวสาย  ยอดแก้ว  ', 0),
(225, '03560021', 'ด.ช.', 'สุมงคล', 'สุรินทร์', '', '', '', '0000-00-00', 'op', 0, '0000-00-00 00:00:00', '0000-00-00 00:00:00', 'ด.ช.สุ\r\n\r\nมงคล  สุรินทร์  ', 0),
(226, '04500001', 'นาย', 'วีรพล ', 'มาลยพันธุ์', '', '', '', '0000-00-00', 'op', 0, '0000-00-00 00:00:00', '0000-00-00 00:00:00', 'นายวีรพล   มาลยพันธุ์  ', 0),
(227, '04500002', 'นาง', 'จันทร์ดี', 'โอชาวัฒน์', '', '', '', '0000-00-00', 'op', 0, '0000-00-00 00:00:00', '0000-00-00 00:00:00', 'นางจันทร์ดี  โอชาวัฒน์  ', 0),
(228, '04500003', 'นาง', 'เพ็ญ\r\n\r\nทอง', 'อินศรีเมือง', '', '', '', '0000-00-00', 'op', 0, '0000-00-00 00:00:00', '0000-00-00 00:00:00', 'นางเพ็ญทอง  อินศรีเมือง  ', 0),
(229, '04500004', 'ดต.', 'ถาวร', 'ศรีวิชัย ', '', '', '', '0000-00-00', 'op', 0, '0000-00-00 00:00:00', '0000-00-00 00:00:00', 'ดต.ถาวร  ศรีวิชัย   ', 0),
(230, '04500005', 'นาง', 'ปรียาวัลย์', 'กันทะอุโมงค์', '', '', '', '0000-00-00', 'op', 0, '0000-00-00 00:00:00', '0000-00-00 00:00:00', 'นางปรียาวัลย์  กันทะอุโมงค์  ', 0),
(231, '04500006', 'ด.ญ.', 'พิชชากร', 'ธรรมวรรณ', '', '', '', '0000-00-00', 'op', 0, '0000-00-00 00:00:00', '0000-00-00 00:00:00', 'ด.ญ.พิชชากร  ธรรมวรรณ  ', 0),
(232, '04500007', 'ด.ญ.', 'จินดารัตน์', 'ธรรมอุโมงค์', '', '', '', '0000-00-00', 'op', 0, '0000-00-00 00:00:00', '0000-00-00 00:00:00', 'ด.ญ.จินดารัตน์  ธรรมอุโมงค์  ', 0),
(233, '04500008', 'นางสาว', 'ศศิวิมล ', 'เสมอใจ ', '', '', '', '0000-00-00', 'op', 0, '0000-00-00 00:00:00', '0000-00-00 00:00:00', 'นางสาวศศิวิมล   เสมอใจ   เพื่อ ด.ช.ศานติ เสมอใจ ', 0),
(234, '04500009', 'นางสาว', 'ศศิวิมล ', 'เสมอใจ', '', '', '', '0000-00-00', 'op', 0, '0000-00-00 00:00:00', '0000-00-00 00:00:00', 'นางสาวศศิวิมล   เสมอใจ  เพื่อ ด.ญ.สุพิชา เสมอใจ ', 0),
(235, '04500010', 'นาง', 'สุพรรณา', 'พิทพ์อุโมงค์', '', '', '', '0000-00-00', 'op', 0, '0000-00-00 00:00:00', '0000-00-00 00:00:00', 'นางสุพรรณา  พิทพ์อุโมงค์  ', 0),
(236, '04500011', 'นาย', 'สมเพชร', 'จันต๊ะหลวง ', '', '', '', '0000-00-00', 'op', 0, '0000-00-00 00:00:00', '0000-00-00 00:00:00', 'นายสมเพชร  จันต๊ะหลวง   ', 0),
(237, '04500012', 'นาง', 'พิกุล', 'เกิดผล', '', '', '', '0000-00-00', 'op', 0, '0000-00-00 00:00:00', '0000-00-00 00:00:00', 'นางพิกุล  เกิดผล  \r\n\r\n', 0),
(238, '04500013', 'นางสาว', 'พัชรินทร์ ', 'สมศรี ', '', '', '', '0000-00-00', 'op', 0, '0000-00-00 00:00:00', '0000-00-00 00:00:00', 'นางสาวพัชรินทร์   สมศรี   ', 0),
(239, '04500014', 'นาย', 'ณัฐวุฒิ', 'พรมแก้ว', '', '', '', '0000-00-00', 'op', 0, '0000-00-00 00:00:00', '0000-00-00 00:00:00', 'นายณัฐวุฒิ  พรมแก้ว  ', 0),
(240, '04500015', 'นางสาว', 'จีระ\r\n\r\nภา', 'ณ เชียงใหม่', '', '', '', '0000-00-00', 'op', 0, '0000-00-00 00:00:00', '0000-00-00 00:00:00', 'น.ส.จีระภา  ณ เชียงใหม่  ', 0),
(241, '04500016', 'นาย', 'จตุพล ', 'พรหมเทศน์', '', '', '', '0000-00-00', 'op', 0, '0000-00-00 00:00:00', '0000-00-00 00:00:00', 'นายจตุพล   พรหมเทศน์  ', 0),
(242, '04510017', 'นาง', 'นวลน้อย ', 'จิตต์ธรรม', '', '', '', '0000-00-00', 'op', 0, '0000-00-00 00:00:00', '0000-00-00 00:00:00', 'นางนวลน้อย   จิตต์ธรรม  ', 0),
(243, '04510018', 'นาง', 'ศรีวร ', 'ใจการ', '', '', '', '0000-00-00', 'op', 0, '0000-00-00 00:00:00', '0000-00-00 00:00:00', 'นางศรีวร   ใจการ  ', 0),
(244, '04520019', '', 'บัวหอม', 'ขัดอุโมงค์', '', '', '', '0000-00-00', 'op', 0, '0000-00-00 00:00:00', '0000-00-00 00:00:00', 'บัวหอม  \r\n\r\nขัดอุโมงค์  ', 0),
(245, '04520020', 'นาง', 'อัมพร ', 'ปารมีโมงค์', '', '', '', '0000-00-00', 'op', 0, '0000-00-00 00:00:00', '0000-00-00 00:00:00', 'นางอัมพร   ปารมีโมงค์  ', 0),
(246, '04520021', 'นาง', 'นภาพร ', 'มโนชัย', '', '', '', '0000-00-00', 'op', 0, '0000-00-00 00:00:00', '0000-00-00 00:00:00', 'นางนภาพร   มโนชัย  ', 0),
(247, '04520022', 'นาง', 'ยุพิน', '\r\n\r\nโพธิ์อุโมงค์', '', '', '', '0000-00-00', 'op', 0, '0000-00-00 00:00:00', '0000-00-00 00:00:00', 'นางยุพิน  โพธิ์อุโมงค์  ', 0),
(248, '04530023', 'นาง', 'สมทรง', 'บุญส่ง ', '', '', '', '0000-00-00', 'op', 0, '0000-00-00 00:00:00', '0000-00-00 00:00:00', 'นางสมทรง  บุญส่ง   เพื่อ ด.ช.ณัฐพงษ์ บุญสูง', 0),
(249, '04530024', 'นางสาว', 'สุชาดา', 'ไชยศรี ', '', '', '', '0000-00-00', 'op', 0, '0000-00-00 00:00:00', '0000-00-00 00:00:00', 'นางสาวสุชาดา  ไชยศรี   เพื่อ สถานธรรมเจิงฮุ่ย', 0),
(250, '04530025', 'นาง', 'อัมพร ', 'กันทะอุโมงค์', '', '', '', '0000-00-00', 'op', 0, '0000-00-00 00:00:00', '0000-00-00 00:00:00', 'นางอัมพร   กันทะอุโมงค์  ', 0),
(251, '04530026', 'นางสาว', 'สีลา', 'ศรีวิชัย', '', '', '', '0000-00-00', 'op', 0, '0000-00-00 00:00:00', '0000-00-00 00:00:00', 'น.ส.สีลา  ศรีวิชัย  ', 0),
(252, '04530027', 'นาย', 'สุมน', 'ดวงเกิด', '', '', '', '0000-00-00', 'op', 0, '0000-00-00 00:00:00', '0000-00-00 00:00:00', 'นายสุมน  ดวงเกิด  ', 0),
(253, '04530028', 'นาย', 'ณรงค์ ', 'กันทะอุโมงค์', '', '', '', '0000-00-00', 'op', 0, '0000-00-00 00:00:00', '0000-00-00 00:00:00', 'นายณรงค์   กันทะอุโมงค์  \r\n\r\nและหรือ นางจุมปา กันทะอุโมงค์', 0),
(254, '04530029', 'นาง', 'อำภา', 'ทาอุโมงค์', '', '', '', '0000-00-00', 'op', 0, '0000-00-00 00:00:00', '0000-00-00 00:00:00', 'นางอำภา  ทาอุโมงค์  \r\n\r\n', 0),
(255, '04530030', 'นางสาว', 'กนกรัตน์', 'ขานสันเทียะ', '', '', '', '0000-00-00', 'op', 0, '0000-00-00 00:00:00', '0000-00-00 00:00:00', 'นางสาวกนกรัตน์  ขานสันเทียะ  ', 0),
(256, '04530031', 'นาง', 'แก้ว ', 'ไชยศรี ', '', '', '', '0000-00-00', 'op', 0, '0000-00-00 00:00:00', '0000-00-00 00:00:00', 'นางแก้ว   ไชยศรี   ', 0),
(257, '04530032', 'นางสาว', 'สุชาดา', '\r\n\r\nไชยศรี ', '', '', '', '0000-00-00', 'op', 0, '0000-00-00 00:00:00', '0000-00-00 00:00:00', 'นางสาวสุชาดา  ไชยศรี   ', 0),
(258, '04530033', 'นาง', 'บุญชื่น ', 'เสมอใจ ', '', '', '', '0000-00-00', 'op', 0, '0000-00-00 00:00:00', '0000-00-00 00:00:00', 'นางบุญชื่น   เสมอใจ   ', 0),
(259, '04530034', 'นาย', 'ณรงค์ ', 'กันทะอุโมงค์', '', '', '', '0000-00-00', 'op', 0, '0000-00-00 00:00:00', '0000-00-00 00:00:00', 'นายณรงค์   กันทะอุโมงค์  และหรือ นางจินทร์ เสมอใจ ', 0),
(260, '04530035', 'นาย', 'ณรงค์ และ/หรือนายบุญยก', 'กันทะอุโมงค์', '', '', '', '0000-00-00', 'op', 0, '0000-00-00 00:00:00', '2018-01-14 21:01:47', 'นายณรงค์ และ/หรือนายบุญยก  กันทะอุโมงค์  ', 0),
(261, '04530036', 'นาง', 'วรนุช', 'ธรรมอุโมงค์', '', '', '', '0000-00-00', 'op', 0, '0000-00-00 00:00:00', '0000-00-00 00:00:00', 'นางวรนุช  ธรรมอุโมงค์  และหรือ นายสุชาติ ธรรมอุโมง์', 0),
(262, '04540037', 'นาง', 'บัวเนตร', 'ดีอุโมงค์', '', '', '', '0000-00-00', 'op', 0, '0000-00-00 00:00:00', '0000-00-00 00:00:00', 'นางบัวเนตร  ดีอุโมงค์  เพื่อ ด.ช.กฤตยชณ์ นามวงศ์', 0),
(263, '04540038', 'นาย', 'วีรพล ', 'มาลยพันธุ์', '', '', '', '0000-00-00', 'op', 0, '0000-00-00 00:00:00', '0000-00-00 00:00:00', 'นายวีรพล   มาลยพันธุ์  เพื่อ ด.ช.นนทกร มาลยพันธุ์', 0),
(264, '04540039', 'นางสาว', 'ขวัญชนก', 'ขานสันเทียะ', '', '', '', '0000-00-00', 'op', 0, '0000-00-00 00:00:00', '0000-00-00 00:00:00', 'น.ส.ขวัญชนก  ขานสันเทียะ  ', 0),
(265, '04540040', 'นาย', 'อุดม', 'เสนาวัฒน์', '', '', '', '0000-00-00', 'op', 0, '0000-00-00 00:00:00', '0000-00-00 00:00:00', 'นายอุดม  เสนาวัฒน์  ', 0),
(266, '04540041', 'นาง', 'โสภา', 'ศรีวิชัย', '', '', '', '0000-00-00', 'op', 0, '0000-00-00 00:00:00', '0000-00-00 00:00:00', 'นางโสภา  ศรีวิชัย  ', 0),
(267, '04540042', 'นาง', 'ทองสาย ', 'ตาใจ', '', '', '', '0000-00-00', 'op', 0, '0000-00-00 00:00:00', '0000-00-00 00:00:00', 'นางทองสาย   ตาใจ  ', 0),
(268, '04540043', 'นาย', 'สุรพล', 'วงศ์เติง ', '', '', '', '0000-00-00', 'op', 0, '0000-00-00 00:00:00', '0000-00-00 00:00:00', 'นายสุรพล  วงศ์เติง   ', 0),
(269, '04540044', 'นาย', '\r\n\r\nวิทวัส', 'ทิพย์อุโมงค์', '', '', '', '0000-00-00', 'op', 0, '0000-00-00 00:00:00', '0000-00-00 00:00:00', 'นายวิทวัส  ทิพย์อุโมงค์  ', 0),
(270, '04540045', 'นาง', 'เสาร์แก้ว', 'ซีคำ', '', '', '', '0000-00-00', 'op', 0, '0000-00-00 00:00:00', '0000-00-00 00:00:00', 'นางเสาร์แก้ว  ซีคำ  ', 0),
(271, '04550046', 'ด.ญ.', 'ฉันทพัชญา ', 'คำนึง', '', '', '', '0000-00-00', 'op', 0, '0000-00-00 00:00:00', '0000-00-00 00:00:00', 'ด.ญ.ฉันทพัชญา   คำนึง  ', 0),
(272, '04550047', 'ด.ญ.', 'สุกัญญา', 'จันต๊ะหลวง ', '', '', '', '0000-00-00', 'op', 0, '0000-00-00 00:00:00', '0000-00-00 00:00:00', 'ด.ญ.สุกัญญา  จันต๊ะหลวง   ', 0),
(273, '04550048', 'นาง', 'อนงค์', 'เสนอุโมงค์', '', '', '', '0000-00-00', 'op', 0, '0000-00-00 00:00:00', '0000-00-00 00:00:00', 'นางอนงค์  เสนอุโมงค์  เพื่อ ด.ช.ดุษฎี เสนอุโมงค์', 0),
(274, '04550049', 'นาย', 'พงษ์ศักดิ์', 'ลิอุโมงค์', '', '', '', '0000-00-00', 'op', 0, '0000-00-00 00:00:00', '0000-00-00 00:00:00', 'นายพงษ์ศักดิ์  ลิอุโมงค์  ', 0),
(275, '04550050', 'นางสาว', 'ธัญญพัฒน์', 'สิงห์รีวงศ์', '', '', '', '0000-00-00', 'op', 0, '0000-00-00 00:00:00', '0000-00-00 00:00:00', 'น.ส.\r\n\r\nธัญญพัฒน์  สิงห์รีวงศ์  เพื่อ ด.ช.ภูมิดนัย  คัชมาตย์', 0),
(276, '04550051', 'นางสาว', 'พยงมุกดา', 'นนท์คลัง ', '', '', '', '0000-00-00', 'op', 0, '0000-00-00 00:00:00', '0000-00-00 00:00:00', 'น.ส.พยงมุกดา  นนท์คลัง   ', 0),
(277, '04550052', 'นางสาว', 'มี', 'คำปวน', '', '', '', '0000-00-00', 'op', 0, '0000-00-00 00:00:00', '2018-01-14 21:01:44', 'นางสาวมี  คำปวน  เพื่อนายฉลอง แก้วยะ ', 0),
(278, '04550053', 'ด.ช.', 'ณัฐวุฒิ', 'สุภะศิลป์', '', '', '', '0000-00-00', 'op', 0, '0000-00-00 00:00:00', '0000-00-00 00:00:00', 'ด.ช.ณัฐวุฒิ  สุภะศิลป์  ', 0),
(279, '04560054', 'นาง', 'อนงค์', 'เสนอุโมงค์', '', '', '', '0000-00-00', 'op', 0, '0000-00-00 00:00:00', '2018-01-14 21:01:33', 'นางอนงค์  เสนอุโมงค์  ', 0),
(280, '04560055', '', 'กลุ่มออมทรัพย์เพื่อเพื่อนช่วยเพื่อน ', '', '', '', '', '0000-00-00', 'op', 0, '0000-00-00 00:00:00', '0000-00-00 00:00:00', 'กลุ่มออมทรัพย์เพื่อเพื่อนช่วยเพื่อน     ', 0),
(281, '04560056', '', 'ชนิดาภา ', 'อินต๊ะวงษ์', '', '', '', '0000-00-00', 'op', 0, '0000-00-00 00:00:00', '0000-00-00 00:00:00', 'ชนิดาภา   อินต๊ะวงษ์  ', 0),
(282, '04560057', 'นาง', 'อุไร', 'จ่างประภัสสร ', '', '', '', '0000-00-00', 'op', 0, '0000-00-00 00:00:00', '2017-06-04 15:06:58', 'นางอุไร  จ่างประภัสสร   เพื่อ ด.ช.ปิยะวัชระ จ่างประภัสสร', 0),
(283, '04560058', 'นางสาว', 'กรรณิการ์ ', 'ขัดลิ', '', '', '', '0000-00-00', 'op', 0, '0000-00-00 00:00:00', '0000-00-00 00:00:00', 'น.ส. กรรณิการ์   ขัดลิ  ', 0),
(284, '04560059', 'นาง ', 'นงค์รัก', 'คำมาโมงค์', '', '', '', '0000-00-00', 'op', 0, '0000-00-00 00:00:00', '0000-00-00 00:00:00', 'นาง นงค์รัก  คำมาโมงค์  เพื่อ ด.ช.นรภัทร คำมาโมง ', 0),
(285, '04560060', 'นางสาว', 'ศศิวิมล ', 'เสมอใจ ', '', '', '', '0000-00-00', 'op', 0, '0000-00-00 00:00:00', '0000-00-00 00:00:00', 'น.ส.ศศิวิมล   เสมอใจ   ', 0),
(286, '04560061', 'ด.ญ.', 'สุพิชฌา', 'เสมอใจ ', '', '', '', '0000-00-00', 'op', 0, '0000-00-00 00:00:00', '2017-05-07 19:05:59', 'ด.ญ.สุพิชฌา  เสมอใจ   ', 0),
(287, '04560062', 'ด.ช.', 'กิตติศักดิ์', 'ผัดแก้ว', '', '', '', '0000-00-00', 'op', 0, '0000-00-00 00:00:00', '0000-00-00 00:00:00', 'ด.ช.กิตติศักดิ์  ผัดแก้ว  ', 0),
(288, '04560063', 'นางสาว', 'เฉลิมวรรณ', 'ศรีวิชัย ', '', '', '', '0000-00-00', 'op', 0, '0000-00-00 00:00:00', '2017-06-11 19:06:50', 'น.ส.เฉลิมวรรณ  ศรีวิชัย   เพื่อ ด.ญ.เปมิกา ปันแปง ', 0),
(289, '04560064', 'ด.ช.', 'ณัฐพงษ์ ', 'บุญคำ', '', '', '', '0000-00-00', 'op', 0, '0000-00-00 00:00:00', '0000-00-00 00:00:00', 'ด.ช.ณัฐพงษ์   บุญคำ  ', 0),
(290, '04560065', 'ด.ญ.', 'พชรมณ', 'อินคำ', '', '', '', '0000-00-00', 'op', 0, '0000-00-00 00:00:00', '0000-00-00 00:00:00', 'ด.ญ.พชรมณ  อินคำ  ', 0),
(291, '04560066', 'ด.ช.', 'ณัฐกานต์', 'บุญคำ', '', '', '', '0000-00-00', 'op', 0, '0000-00-00 00:00:00', '0000-00-00 00:00:00', 'ด.ช.ณัฐกานต์  บุญคำ  ', 0),
(292, '04560067', 'ด.ช.', '\r\n\r\nณฐนน', 'อิ่นคำ ', '', '', '', '0000-00-00', 'op', 0, '0000-00-00 00:00:00', '0000-00-00 00:00:00', 'ด.ช.ณฐนน  อิ่นคำ   ', 0),
(293, '04570068', 'นางสาว', 'เฉลิมวรรณ', 'ศรีวิชัย ', '', '', '', '0000-00-00', 'op', 0, '0000-00-00 00:00:00', '0000-00-00 00:00:00', 'น.ส.เฉลิมวรรณ  ศรีวิชัย   เพื่อ น.ส.จุฑามาส กันทาจักร', 0),
(294, '04570069', 'นาง', 'นงค์รัก', 'คำมาโมงค์', '', '', '', '0000-00-00', 'op', 0, '0000-00-00 00:00:00', '0000-00-00 00:00:00', 'นางนงค์รัก  คำมาโมงค์  เพื่อ ด.ช.จินตาราณ ยาจา', 0),
(295, '04570070', 'นาย', 'นิกร', 'กันทะอุโมงค์', '', '', '', '0000-00-00', 'op', 0, '0000-00-00 00:00:00', '2017-11-05 18:11:09', 'นายนิกร  กันทะอุโมงค์  เพื่อนางบัวเรียว ทรพิงค์', 0),
(296, '04570071', 'นาย', 'ยุทธนา', 'ศรีทิพย์', '', '', '', '0000-00-00', 'op', 0, '0000-00-00 00:00:00', '0000-00-00 00:00:00', 'นายยุทธนา  ศรีทิพย์  เพื่อ ด.ช.อชิรวิทย์ ศรีทิพย์', 0),
(297, '04570072', 'ด.ช.', 'สุรชัย ', 'โพงมา', '', '', '', '0000-00-00', 'op', 0, '0000-00-00 00:00:00', '0000-00-00 00:00:00', 'ด.ช.สุรชัย   โพงมา  ', 0),
(298, '04570073', 'ด.ช.', 'ณรินทร์', 'โพงมา', '', '', '', '0000-00-00', 'op', 0, '0000-00-00 00:00:00', '0000-00-00 00:00:00', 'ด.ช.ณรินทร์  โพงมา  ', 0),
(299, '04570074', 'นาย', 'นิกร ', 'กันทะอุโมงค์', '', '', '', '0000-00-00', 'op', 0, '0000-00-00 00:00:00', '0000-00-00 00:00:00', 'นายนิกร   กันทะอุโมงค์  ', 0),
(300, '04570075', '', 'เงินประกันความเสี่ยงกลุ่มออมทรัพย์เพื่อการผลิตบ้าน', '', '', '', '', '0000-00-00', 'op', 0, '0000-00-00 00:00:00', '0000-00-00 00:00:00', 'เงินประกันความเสี่ยงกลุ่มออมทรัพย์เพื่อการผลิตบ้านไร่ หมู่ 8     ', 0),
(301, '04570076', 'นาง', 'ผัด', 'โพงมา', '', '', '', '0000-00-00', 'op', 0, '0000-00-00 00:00:00', '0000-00-00 00:00:00', 'นางผัด  โพงมา  เพื่อ ด.ช.สุรชัย โพงมา', 0),
(302, '04570077', 'นางสาว', 'จุรีรัตน์ ', 'ขำขัน', '', '', '', '0000-00-00', 'op', 0, '0000-00-00 00:00:00', '0000-00-00 00:00:00', 'น.ส.จุรีรัตน์   ขำขัน  เพื่อ ด.ช.ปราณปริญา ขำขัน ', 0),
(303, '04570078', 'ด.ช.', 'วรปรัชญ์', 'เนตรเจริญ ', '', '', '', '0000-00-00', 'op', 0, '0000-00-00 00:00:00', '0000-00-00 00:00:00', 'ด.ช.วรปรัชญ์  เนตรเจริญ   ', 0),
(304, '04570079', 'จสอ.', 'ประพัฒน์', 'ถนอม', '', '', '', '0000-00-00', 'op', 0, '0000-00-00 00:00:00', '0000-00-00 00:00:00', 'จสอ.ประพัฒน์  ถนอม  เพื่อ ด.ช.ปวีณวัช จุลเจิมศักดิ์', 0),
(305, '04570080', 'จสอ.', 'ประพัฒน์', 'ถนอม ', '', '', '', '0000-00-00', 'op', 0, '0000-00-00 00:00:00', '0000-00-00 00:00:00', 'จสอ.ประพัฒน์  ถนอม  เพื่อ ด.ญ.ปานชีวา จุลเจิมศักดิ์', 0),
(306, '04570081', 'นางสาว', 'จันทร์แรม', 'นนท์คลัง ', '', '', '', '0000-00-00', 'op', 0, '0000-00-00 00:00:00', '0000-00-00 00:00:00', 'น.ส.จันทร์แรม  นนท์คลัง   ', 0),
(307, '04580082', '', 'ทัศนีย์', 'ปินทะธง ', '', '', '', '0000-00-00', 'op', 0, '0000-00-00 00:00:00', '2017-05-07 19:05:27', 'นางทัศนีย์  ปันทะธง   เพื่อ ด.ช.ปริวัตน์ ปันทะธง ', 0),
(308, '04580083', 'นาง', 'ปุณิกา', 'เมฆประยูร', '', '', '', '0000-00-00', 'op', 0, '0000-00-00 00:00:00', '0000-00-00 00:00:00', 'นางปุณิกา  \r\n\r\nเมฆประยูร  ', 0),
(309, '04580084', 'นางสาว', 'จรูญรัตน์', 'ปากองวัน', '', '', '', '0000-00-00', 'op', 0, '0000-00-00 00:00:00', '0000-00-00 00:00:00', 'น.ส.จรูญรัตน์  ปากองวัน  เพื่อ \r\n\r\nด.ญ.นริศา เดชธงไชย ', 0),
(310, '04580085', 'นาย', 'ณรงค์ ', 'กันทะอุโมงค์', '', '', '', '0000-00-00', 'op', 0, '0000-00-00 00:00:00', '0000-00-00 00:00:00', 'นายณรงค์   กันทะอุโมงค์  \r\n\r\nหรือ น.ส.รุ่งอรุโรทัย ม่านมุงศิลป์', 0),
(311, '04580086', 'นาย', 'กฤษฎาวุธ', 'ประสพโชคชัย ', '', '', '', '0000-00-00', 'op', 0, '0000-00-00 00:00:00', '0000-00-00 00:00:00', 'นาย\r\n\r\nกฤษฎาวุธ  ประสพโชคชัย   ', 0),
(312, '04580087', 'นาย', 'คงคา', 'จับใจนาย', '', '', '', '0000-00-00', 'op', 0, '0000-00-00 00:00:00', '2018-01-14 22:01:30', '    นายคงคา   จับใจนาย', 0),
(313, '04580088', 'นาย', 'เทวินทร์', 'สิทธิบุญมี', '', '', '', '0000-00-00', 'op', 0, '0000-00-00 00:00:00', '2017-06-04 15:06:32', 'นายเทวินทร์  สิทธิบุญมี  และนางมนัสนันท์ สิทธิบุญมี ', 0),
(314, '01580133', 'นางสาว', '\r\n\r\nจันทร์เพ็ญ', 'แสนแปง', '', '', '', '0000-00-00', 'op', 0, '0000-00-00 00:00:00', '0000-00-00 00:00:00', 'นางสาวจันทร์เพ็ญ  แสนแปง', 0),
(315, '01580134', 'นางสาว', 'กลื่นสุคนธ์', 'การ\r\n\r\nเร็ว ', '', '', '', '0000-00-00', 'op', 0, '0000-00-00 00:00:00', '0000-00-00 00:00:00', 'น.ส.กลื่นสุคนธ์ การเร็ว เพื่อ ด.ญ.กชนิภา  กานเร็ว', 0),
(316, '01580135', 'นาง', 'นงค์รัก', 'คำมา\r\n\r\nโมงค์', '', '', '', '0000-00-00', 'op', 0, '0000-00-00 00:00:00', '0000-00-00 00:00:00', 'นางนงค์รัก คำมาโมง เพื่อ ด.ช.กันตภณ ยองจา', 0),
(317, '01580136', 'นาย', 'ศักดิ์ชัย ', 'เป็งโทร \r\n\r\n', '', '', '', '0000-00-00', 'op', 0, '0000-00-00 00:00:00', '0000-00-00 00:00:00', 'นายศักดิ์ชัย   เป็งโทร ', 0),
(318, '01580137', 'นาย', 'ประเทือง', 'เสมอใจ', '', '', '', '0000-00-00', 'op', 0, '0000-00-00 00:00:00', '2017-08-06 13:08:45', 'นายประเทือง  เสมอใจ', 0),
(319, '01580138', 'ว่าที่ ร.ต', 'บัญชา', 'โพธาเจริญ', '', '', '', '0000-00-00', 'op', 0, '0000-00-00 00:00:00', '2017-10-08 17:10:01', 'ว่าที่ร้อยตรี บัญชา  โพธาเจริญเพื่อ ด.ช.กันตภณ  โพธาเจริญ', 0),
(320, '01580139', 'นาย ', 'ณัฐพัชธ์  ', 'กันทะอุโมงค์', '', '', '', '0000-00-00', 'op', 0, '0000-00-00 00:00:00', '0000-00-00 00:00:00', 'นาย ณัฐพัชธ์  กันทะอุโมงค์ สวัสดิ์การคลอดบุตร', 0),
(321, '01590140', 'น.ส.', 'พรรณทิวา ', 'ปัสนาวาส ', '', '', '', '0000-00-00', 'op', 0, '0000-00-00 00:00:00', '0000-00-00 00:00:00', 'น.ส.พรรณทิวา   ปัสนาวาส ', 0),
(322, '01590141', 'น.ส.', 'ศดานันท์', 'มะโนใจ', '', '', '', '0000-00-00', 'op', 0, '0000-00-00 00:00:00', '2017-07-09 18:07:45', 'น.ส.ศดานันท์  มะโนใจ,นางผ่องพันธ์  ต๊ะแก้ว และน.ส.เฉลิมวรรณ  ศรีวิชัย', 0),
(323, '01590142', 'น.ส.', 'จุรีรัตน์ ', 'ปาขัน', '', '', '', '0000-00-00', 'op', 0, '0000-00-00 00:00:00', '2018-02-04 16:02:56', 'น.ส.จุรีรัตน์  ปาขัน เพื่อ ด.ช.พรวัชณ์  ปาขัน', 0),
(324, '01590143', 'น.ส.', 'จุฑามาส ', 'กันทาจักร์', '', '', '', '0000-00-00', 'op', 0, '0000-00-00 00:00:00', '0000-00-00 00:00:00', 'น.ส.จุฑามาส \r\n\r\nกันทาจักร์ เพื่อ ด.ช.ภูตะวัน กันธาจักร', 0),
(325, '01590144', 'น.ส.', 'ชนกนันท์', 'วงค์วิลัย ', '', '', '', '0000-00-00', 'op', 0, '0000-00-00 00:00:00', '2017-06-04 16:06:40', 'น.ส.ชนกนันท์  วงค์วิลัย เพื่อ ด.ญ.กนกกาจญน์  วงค์วิลัย ', 0),
(326, '01590145', 'น.ส.', 'ศดานันท์', 'มะโนใจ ', '', '', '', '0000-00-00', 'op', 0, '0000-00-00 00:00:00', '0000-00-00 00:00:00', 'น.ส.ศดานันท์ มะโนใจ (ผู้สูง\r\n\r\nอายุ)', 0),
(327, '01590146', 'น.ส.', 'หทัยชนก ', 'กุลชนกดล ', '', '', '', '0000-00-00', 'op', 0, '0000-00-00 00:00:00', '2017-05-07 17:05:04', 'น.ส.หทัยชนก กุลชนกดล เพื่อ ด.ช.ณภูร์วิน อุทาเลิศ', 0),
(328, '01590147', 'นาย', 'วิทยา', 'กาวิจา', '', '', '', '0000-00-00', 'op', 0, '0000-00-00 00:00:00', '2018-02-04 16:02:03', 'นายวิทยา  กาวิจา เพื่อ ด.ญ.ณปภัช  กาวิจา', 0),
(329, '01590148', 'นาย', 'จักรกฤษณ์', 'ทิพย์อุโมงค์', '', '', '', '0000-00-00', 'op', 0, '0000-00-00 00:00:00', '2017-06-04 16:06:17', 'นายจักรกฤษณ์  ทิพย์อุโมงค์ เพื่อ ด.ช.ธีระวัฒน์  ทิพย์อุโมงค์', 0),
(330, '01590149', 'นาย', 'อนุพันธ์  ', 'กันทะอุโมงค์', '', '', '', '0000-00-00', 'op', 0, '0000-00-00 00:00:00', '2018-09-02 15:09:04', 'นายอนุพันธ์    กันทะอุโมงค์ เพื่อ ด.ช.ฐิติวัตน์  กันทะอุโมงค์', 0),
(331, '01600150', 'นาง', 'พีรดา', 'ใจคำปิง', '', '', '', '0000-00-00', 'op', 0, '0000-00-00 00:00:00', '2017-05-07 17:05:28', 'นางพีรดา  ใจคำปิง เพื่อ ด.ช.สุริยะศักดิ์  นันทะพงศ์', 0),
(332, '01600151', 'น.ส.', 'กิ่งดาว ', 'โอชาวัฒน์', '', '', '', '0000-00-00', 'op', 0, '0000-00-00 00:00:00', '2018-02-04 16:02:23', 'น.ส.กิ่งดาว   โอชาวัฒน์ เพื่อ ด.ญ.วาสนา  ยิ่งวงค์', 0),
(333, '01600152', 'นาง ', 'จินตยุพา ', 'โสภณจิตร', '', '', '', '0000-00-00', 'op', 0, '0000-00-00 00:00:00', '0000-00-00 00:00:00', 'นาง จินตยุพา   โสภณ\r\n\r\nจิตร ', 0),
(334, '02590073', '', '', '', '', '', '', '0000-00-00', 'op', 0, '0000-00-00 00:00:00', '0000-00-00 00:00:00', 'กองทุนหมู่บ้านบ้านไร่ ม.8', 0),
(335, '02590074', 'นาง', 'ปวีณา', '\r\n\r\nกุนรา', '', '', '', '0000-00-00', 'op', 0, '0000-00-00 00:00:00', '0000-00-00 00:00:00', 'นางปวีณา  กุนนารา และนายเมืองแก้ว บุญปัญญา', 0),
(336, '02590075', 'นาง', 'อัมพร ', 'วงค์สนั่น', '', '', '', '0000-00-00', 'op', 0, '0000-00-00 00:00:00', '2017-05-07 18:05:27', 'นางอำพร วงค์สนั่น เพื่อ ด.ญ.กัญชลิกา ธานีคำ ', 0),
(337, '03600022', 'นาง', 'พีรดา', 'ใจคำปิง', '', '', '', '0000-00-00', 'op', 0, '0000-00-00 00:00:00', '2018-02-04 17:02:36', 'นางพีรดา  ใจคำปิง', 0),
(338, '04580089', 'นาง', 'อำพร', 'จินะเป็งกาศ', '', '', '', '0000-00-00', 'op', 0, '0000-00-00 00:00:00', '2017-08-13 18:08:26', 'นางอำพร  จินะเป็งกาศ ', 0),
(339, '04580090', 'นาง', 'สุนี', 'มะโนคำ', '', '', '', '0000-00-00', 'op', 0, '0000-00-00 00:00:00', '0000-00-00 00:00:00', 'นางสุนี  มะโนคำ ', 0),
(340, '04580091', 'น.ส.', 'สุพัตรา', 'เสมอใจ', '', '', '', '0000-00-00', 'op', 0, '0000-00-00 00:00:00', '2017-04-09 21:07:19', 'น.ส.สุพัตรา  \r\n\r\nเสมอใจ ', 0),
(341, '04580092', 'น.ส.', 'จรูญรัตน์', 'ปากองวัน', '', '', '', '0000-00-00', 'op', 0, '0000-00-00 00:00:00', '0000-00-00 00:00:00', 'น.ส.จรูญรัตน์  ปากองวัน เพื่อ ด.ญ.ธัน\r\n\r\nวัณณา เดชงธงไชย ', 0),
(342, '04590093', 'น.ส.', 'จรุญรัตน์', 'ปากองวัน', '', '', '', '0000-00-00', 'op', 0, '0000-00-00 00:00:00', '0000-00-00 00:00:00', 'น.ส.จรุญรัตน์  ปากองวัน ', 0),
(343, '04590094', 'น.ส.', 'สุธีกานต์', 'ติขะธรรม', '', '', '', '0000-00-00', 'op', 0, '0000-00-00 00:00:00', '0000-00-00 00:00:00', 'น.ส.สุธีกานต์  ติขะธรรม เพื่อ นางจันทร์สม  ศรีวิชัย', 0),
(344, '04590095', 'นาย', 'วรวิช', 'สมบูรณ์ชัย', '', '', '', '0000-00-00', 'op', 0, '0000-00-00 00:00:00', '0000-00-00 00:00:00', 'นายวรวิช  สมบูรณ์ชัย ', 0),
(345, '04600096', 'นาง', 'ศรีจันทร์', 'ปัญญาธรรม', '', '', '', '0000-00-00', 'op', 0, '0000-00-00 00:00:00', '0000-00-00 00:00:00', 'นางศรีจันทร์  ปัญญาธรรม ', 0),
(346, '04600097', 'นาง', 'บุญชื่น', 'เสมอใจ', '', '', '', '0000-00-00', 'op', 0, '0000-00-00 00:00:00', '0000-00-00 00:00:00', 'นางบุญชื่น  เสมอใจ ', 0),
(347, '04600098', 'นาง', 'สุพรรณา', 'ทิพย์อุโมงค์', '', '', '', '0000-00-00', 'op', 0, '0000-00-00 00:00:00', '0000-00-00 00:00:00', 'นางสุพรรณา  ทิพย์อุโมงค์ ', 0),
(347, '-2520034', 'น.ส.', 'สุธีกานต์', 'ติขะธรรม', NULL, NULL, '', NULL, 'op', 0, '2017-05-07 19:57:45', '2017-05-07 19:57:45', 'น.ส.สุธีกานต์  ติขะธรรม', NULL),
(348, '03606022', 'นาง', 'พีรกา', 'ใจคำปิง', NULL, NULL, '', NULL, 'op', 0, '2017-05-07 20:00:26', '2017-05-07 20:00:26', 'นางพีรกา  ใจคำปิง', NULL),
(349, '04600099', 'นาง', 'อาภาภรณ์', 'เสมอใจ', NULL, NULL, '', NULL, 'op', 0, '2017-05-07 20:02:01', '2017-08-06 16:08:57', 'นางอาภาภรณ์  เสมอใจ', NULL),
(350, '01510048', 'นาง', 'แสงเดือน', 'ปันเจริญ', NULL, NULL, '', NULL, 'op', 0, '2017-06-11 18:37:39', '2017-07-02 15:07:50', 'นางแสงเดือน  ปันเจริญ', NULL),
(351, '01600160', 'นาง', 'อำไพ', 'เมืองลือ', NULL, NULL, '', NULL, 'op', 0, '2017-07-02 15:01:53', '2017-07-02 15:01:53', 'นางอำไพ  เมืองลือและน.ส.วิไลวรรณ  จันทร์หอม', NULL),
(352, '02600076', 'นาย', 'นายชวลิต', 'มะโนคำ', NULL, NULL, '', NULL, 'op', 0, '2017-07-02 15:10:44', '2017-07-02 15:10:44', 'นายคำแสน  มะโนคำและหรือนายชวลิต  มะโนคำ', NULL),
(353, '04600100', 'นาย', 'ชวลิต', 'มะโนคำ', NULL, NULL, '', NULL, 'op', 0, '2017-08-13 17:28:38', '2017-08-13 17:28:38', 'นายชวลิต  มะโนคำ', NULL),
(354, '04600101', 'นาง', 'คำเอ้ย', 'เสมอใจ', NULL, NULL, '', NULL, 'op', 0, '2017-09-03 17:42:47', '2017-09-03 17:42:47', 'นางคำเอ้ย  เสมอใจ', NULL),
(355, '01600153', 'นาง', 'วลาลี', 'บริกัปปกุล', NULL, NULL, '', NULL, 'op', 0, '2017-10-01 16:45:25', '2017-10-01 16:45:25', 'นางวลาลี   บริกัปปกุล', NULL),
(356, '04600102', 'นาย', 'สิรวิชญ์', 'ปันเจริญ', NULL, NULL, '', NULL, 'op', 0, '2017-10-08 17:56:40', '2017-10-08 17:10:52', 'นายสิรวิชญ์  ปันเจริญ', NULL),
(357, '04600102', 'นาย', 'สิรวิชญ์', 'ปันเจริญ', NULL, NULL, '', NULL, 'op', 0, '2017-10-08 17:58:03', '2017-10-08 17:10:52', 'นายสิรวิชญ์  ปันเจริญ', NULL),
(358, '02500029', '', 'ศูนย์ส่งเสริมอาชีพและพัฒนาเศรษฐกิจชุมชน ต.อุโมงค์', '', NULL, NULL, '', NULL, 'op', 0, '2017-10-08 19:48:25', '2017-10-08 19:48:25', 'ศูนย์ส่งเสริมอาชีพและพัฒนาเศรษฐกิจชุมชน ต.อุโมงค์ (เงินทุนสำรอง)', NULL),
(359, '04600103', 'นาง', 'คำเอ้ย', 'เสมอใจ', NULL, NULL, '', NULL, 'op', 0, '2017-11-05 15:46:29', '2017-11-05 15:46:29', 'นางคำเอ้ย  เสมอใจและนายพุทธ์นันท์  เสมอใจ', NULL),
(360, '01600163', 'น.ส.', 'สีลา', 'ศรีวิชัย', NULL, NULL, '', NULL, 'op', 0, '2017-11-05 15:48:34', '2017-11-05 15:11:20', 'น.ส.สีลา  ศรีวิชัย', NULL),
(361, '01600163', 'น.ส.', 'สีลา', 'ศรีวิชัย', NULL, NULL, '', NULL, 'op', 0, '2017-11-05 15:49:42', '2017-11-05 15:11:20', 'น.ส.สีลา  ศรีวิชัย', NULL),
(362, '01600163', 'น.ส.', 'สีลา', 'ศรีวิชัย', NULL, NULL, '', NULL, 'op', 0, '2017-11-05 15:50:15', '2017-11-05 15:11:20', 'น.ส.สีลา  ศรีวิชัย', NULL),
(363, '01600162', 'น.ส.', 'เบญจมาศ', 'แสนละมุน', NULL, NULL, '', NULL, 'op', 0, '2017-11-12 20:14:52', '2017-11-12 20:11:02', 'น.ส.เบญจมาศ  แสนละมุนเพื่อ ด.ญ.ปวีย์ธิดา  ปันแปง', NULL),
(364, '01600164', 'นาย', 'ลาวิน', 'สุยะใหญ่', NULL, NULL, '', NULL, 'op', 0, '2017-12-03 15:08:09', '2017-12-03 15:12:43', 'นายลาวิน  สุยะใหญ่เพื่อด.ช.พชรดนัย  สุยะใหญ่', NULL),
(365, '01600164', 'นาย', 'ลาวิน', 'สุยะใหญ่', NULL, NULL, '', NULL, 'op', 0, '2017-12-03 15:10:08', '2017-12-03 15:12:43', 'นายลาวิน  สุยะใหญ่เพื่อด.ช.พชรดนัย  สุยะใหญ่', NULL),
(366, '02540053', '', 'พรกมล', 'ตาใจ', NULL, NULL, '', NULL, 'op', 0, '2017-12-03 18:36:35', '2017-12-03 18:12:59', 'คุณพรกมล  ตาใจ คุณกัลยาณวัตฒ์ อุตตระรี', NULL),
(367, '01610166', 'นาง', 'อารีย์', 'ไชยสิทธิ์', NULL, NULL, '', NULL, 'op', 0, '2018-01-07 17:02:26', '2018-01-07 17:02:26', 'นางอารีย์  ไชยสิทธิ์', NULL),
(368, '01610167', '', '', '', NULL, NULL, '', NULL, 'op', 0, '2018-02-04 16:19:52', '2018-02-04 16:02:43', 'นายเลิศเกียรติ  กันทะอุโมงค์เพื่อด.ญ.กัญญณ์พัชร  กันทะอุโมงค์', NULL),
(369, '01610167', '', '', '', NULL, NULL, '', NULL, 'op', 0, '2018-02-04 16:22:08', '2018-02-04 16:02:43', 'นายเลิศเกียรติ  กันทะอุโมงค์เพื่อด.ญ.กัญญณ์พัชร  กันทะอุโมงค์', NULL),
(370, '01600165', '', 'น.ส.อภิชญา', 'อินใจ', NULL, NULL, '', NULL, 'op', 0, '2018-02-04 16:48:42', '2018-02-04 16:48:42', 'น.ส.อภิชญา  อินใจเพื่อด.ช.ภูริณัฐ  จันธิมา', NULL),
(371, '', '', '', '', NULL, NULL, '', NULL, 'op', 0, '2018-02-04 17:11:21', '2018-02-04 17:11:21', '', NULL),
(372, '01600168', 'นาย', 'จำลอง', 'ขัดปัญเจริญ', NULL, NULL, '', NULL, 'op', 0, '2018-02-04 17:31:10', '2018-02-04 17:31:10', 'ประปาหมู่บ้าน โดยนายจำลอง  ขัดปัญเจริญ,นายศักดา   แหล่งอุโมงค์และนางพรกมล  อุตตะรี', NULL),
(373, '01610168', '', '', '', NULL, NULL, '', NULL, 'op', 0, '2018-02-04 17:31:43', '2018-02-04 17:02:11', 'ประปาหมู่บ้าน', NULL),
(374, '01610169', 'okp', 'ชาติสยาม', 'กันทะอุโมงค์', NULL, NULL, '', NULL, 'op', 0, '2018-03-04 14:08:26', '2018-03-04 14:08:26', 'นายชาติสยาม  กันทะอุโมงค์', NULL),
(375, '04610104', 'น.ส.', 'เฉลิมวรรณ', 'ศรีวิชัย', NULL, NULL, '', NULL, 'op', 0, '2018-03-11 20:28:49', '2018-03-11 20:28:49', 'น.ส.เฉลิมวรรณ  ศรีวิชัย', NULL),
(376, '', '', '', '', NULL, NULL, '', NULL, 'op', 0, '2018-03-11 21:27:15', '2018-03-11 21:27:15', '', NULL),
(377, '01610171', 'นาย', 'ดนัย', 'เนตรเจริญ', NULL, NULL, '', NULL, 'op', 0, '2018-05-06 19:05:34', '2018-05-06 19:05:34', 'นายดนัย   เนตรเจริญเพื่อด.ช.กัณฑ์เอนก  เนตรเจริญ', NULL),
(378, '04520010', 'นาย', 'จำเรียง', 'ขัดอุโมงค์', NULL, NULL, '', NULL, 'op', 0, '2018-05-06 19:19:06', '2018-05-06 19:19:06', 'นายจำเรียง  ขัดอุโมงค์', NULL),
(379, '02610077', 'นาย', 'พงษ์ศักดิ์', 'ลิอุโมงค์', NULL, NULL, '', NULL, 'op', 0, '2018-05-13 19:43:22', '2018-05-13 19:43:22', 'นายพงษ์ศักดิ์ ลิอุโมงค์ เพื่อ ด.ช.พิชญะ ลิอุโมงค์', NULL),
(380, '03610023', 'นาย', 'ชาติสยาม', 'กันทะอุโมงค์', NULL, NULL, '', NULL, 'op', 0, '2018-07-01 14:50:16', '2018-07-01 14:50:16', 'นายชาติสยาม  กันทะอุโมงค์', NULL),
(381, '03610024', 'นาง', 'เรือนคำ', 'ณ เชียงใหม่', NULL, NULL, '', NULL, 'op', 0, '2018-07-01 15:35:12', '2018-07-01 15:35:12', 'นางเรือนคำ  ณ เชียงใหม่', NULL),
(382, '01610172', 'นาย', 'นายกรรณพัฒน์', 'ทิพย์อุโมงค์', NULL, NULL, '', NULL, 'op', 0, '2018-07-01 16:38:15', '2018-07-01 16:38:15', 'นายกรรณพัฒน์  ทิพย์อุโมงค์ เพื่อ ด.ช.ปฎิพัฒน์  ทิพย์อุโมงค์', NULL);
INSERT INTO `memberbank` (`bankno`, `bankid`, `pname`, `mname`, `lname`, `idcard`, `address`, `telephone`, `birthday`, `bankstatus`, `workno`, `createdate`, `lastupdate`, `bankname`, `bookbalance`) VALUES
(383, '01610175', '', 'น.ส. เบญจมาศ', 'บริกัปปกุล', NULL, NULL, '', NULL, 'op', 0, '2018-07-01 16:45:05', '2018-07-01 16:45:05', 'น.ส.เบญจมาศ  บริกัปปกุล เพื่อ ด.ญ.อมลธีรา  บัวป้อม', NULL),
(384, '01610176', '', '', '', NULL, NULL, '', NULL, 'op', 0, '2018-07-01 16:45:18', '2018-07-01 16:45:18', '', NULL),
(385, '01610176', '', 'นายพิ', '', NULL, NULL, '', NULL, 'op', 0, '2018-07-01 16:45:43', '2018-07-01 16:45:43', '', NULL),
(386, '01610176', '', 'นายพิศรุทธ์  ', 'บัวป้อม', NULL, NULL, '', NULL, 'op', 0, '2018-07-01 16:47:40', '2018-07-01 16:47:40', 'นายพิศรุทธ์  บัวป้อม เพื่อ ด.ญ.อมลรดา  บัวป้อม', NULL),
(387, '01610173', 'นาย', 'ณัฐกานต์', 'โพธา', NULL, NULL, '', NULL, 'op', 0, '2018-07-08 18:09:15', '2018-08-05 14:08:41', 'นายณัฐกานต์  โพธา เพื่อ ด.ช.ณัฐกฤต  โพธา', NULL),
(388, '01610173', 'นาย', 'ณัฐกานต์', 'โพธา', NULL, NULL, '', NULL, 'op', 0, '2018-07-08 18:11:17', '2018-08-05 14:08:41', 'นายณัฐกานต์  โพธา เพื่อ ด.ช.ณัฐกฤต  โพธา', NULL),
(389, '01600174', 'น.ส.', 'รัตติกาล', 'ใจการ', NULL, NULL, '', NULL, 'op', 0, '2018-07-08 18:49:48', '2018-07-08 18:49:48', 'น.ส.รัตติกาล  ใจการ เพื่อ ด.ช.ธนินทร์  ใจการ', NULL),
(390, '01610174', 'น.ส.', 'รัตติกาล', 'ใจการ', NULL, NULL, '', NULL, 'op', 0, '2018-07-08 18:50:39', '2018-07-08 18:07:31', 'น.ส.รัตติกาล  ใจการ เพื่อ ด.ช.ธนินทร์  ใจการ', NULL),
(391, '02610077', 'นาย', 'พงษ์ศักดิ์', 'ลิอุโมงค์', NULL, NULL, '', NULL, 'op', 0, '2018-07-08 19:03:28', '2018-07-08 19:03:28', 'นายพงษ์ศํกดิ์  ลิอุโมงค์ เพื่อ ด.ช.พิชญะ  ลิอุโมงค์', NULL),
(392, '02610077', 'นาย', 'พงษ์ศักดิ์', 'ลิอุโมงค์', NULL, NULL, '', NULL, 'op', 0, '2018-07-08 19:36:08', '2018-07-08 19:36:08', 'นายพงษ์ศํกดิ์  ลิอุโมงค์ เพื่อ ด.ช.พิชญะ  ลิอุโมงค์', NULL),
(393, '04610106', 'นาง', 'สุมาลี', 'กาวิจา', NULL, NULL, '', NULL, 'op', 0, '2018-08-05 14:20:08', '2018-08-05 14:20:08', 'นางสุมาลี กาวิจา เพื่อนายสุนิพันธ์ ชัยเจริญ', NULL),
(394, '01610178', 'น.ส.', 'อรุณี', 'อุโมงค์มี', NULL, NULL, '', NULL, 'op', 0, '2018-09-09 20:07:29', '2018-09-09 20:07:29', 'น.ส.อรุณี  อุโมงค์มี เพื่อ ด.ญ.อเล็กซานดร้า มาเดอแลน', NULL),
(395, '', '', '', '', NULL, NULL, '', NULL, 'op', 0, '2018-09-09 20:07:33', '2018-09-09 20:07:33', '', NULL),
(396, '01610179', 'นาย', 'ชาตืสยาม', 'กันทะอุโมงค์', NULL, NULL, '', NULL, 'op', 0, '2018-10-07 14:55:56', '2018-10-07 14:55:56', 'นายชาติสยาม  กันทะอุโมงค์', NULL),
(397, '01610180', 'นาย', 'สมภพ', 'กาวิจา', NULL, NULL, '064-565370', NULL, 'op', 0, '2018-10-07 15:51:55', '2018-10-07 15:51:55', 'นายสมภพ  กาวิจา', NULL),
(398, '04610107', 'น.ส.', 'วิกานดา', 'กันทะอุโมงค์', NULL, NULL, '', NULL, 'op', 0, '2018-12-02 15:41:30', '2018-12-02 15:41:30', 'น.ส.วิกานดา  กันทะอุโมงค์', NULL),
(399, '01610177', 'น.ส.', 'วารินทร์', 'ไชยมงคล', NULL, NULL, '', NULL, 'op', 0, '2019-01-06 17:22:43', '2019-01-06 17:22:43', 'น.ส.วารินทร์  ไชยมงคล เพื่อด.ช.วรวุฒิ  กวางทอง', NULL),
(400, '01620181', 'น.ส.', 'พัชริน', 'อินใจ', NULL, NULL, '', NULL, 'op', 0, '2019-02-03 16:45:56', '2019-02-03 16:45:56', 'น.ส.พัชริน  อินใจเพื่อ ด.ช.ธาวิน  จิตธรรม', NULL),
(401, '04620108', 'นาย', 'สว่าง', 'ยิ่งรักชัย', NULL, NULL, '', NULL, 'op', 0, '2019-02-03 16:51:50', '2019-02-03 16:02:58', 'นายสว่าง  ยิ่งรักชัย', NULL),
(402, '04620108', 'นาย', 'สว่าง', 'ยิ่งรักชัย', NULL, NULL, '', NULL, 'op', 0, '2019-02-03 16:53:26', '2019-02-03 16:02:58', 'นายสว่าง  ยิ่งรักชัย', NULL),
(403, '01510143', 'น.ส.', 'จุฑามาศ', 'กันทาจักร์', NULL, NULL, '', NULL, 'op', 0, '2019-02-10 20:07:52', '2019-02-10 20:02:44', 'น.ส.จุฑามาศ  กันทาจักร์ เพื่อด.ช.ภูตะวัน  กันทาจักร์', NULL),
(404, '01510143', 'น.ส.', 'จุฑามาศ', 'กันทาจักร์', NULL, NULL, '', NULL, 'op', 0, '2019-02-10 20:10:59', '2019-02-10 20:02:44', 'น.ส.จุฑามาศ  กันทาจักร์ เพื่อด.ช.ภูตะวัน  กันทาจักร์', NULL),
(405, '02610078', 'นาง', 'สังวาลย์', 'ตาใจ', NULL, NULL, '', NULL, 'op', 0, '2019-04-07 15:52:51', '2019-04-07 15:52:51', 'นางสังวาลย์  ตาใจ', NULL),
(406, '01620182', '', '', '', NULL, NULL, '', NULL, 'op', 0, '2019-05-05 17:30:07', '2019-05-05 17:30:07', '', NULL),
(407, '01620182', 'นาย', 'วุฒินันท์', 'วรรณก้อน', NULL, NULL, '', NULL, 'op', 0, '2019-05-05 17:33:46', '2019-05-05 17:33:46', 'นายวุฒินันท์  วรรณก้อน เพื่อด.ญ.ณัฎณิชา  วรรณก้อน', NULL);

-- --------------------------------------------------------

--
-- Table structure for table `memberfund`
--

CREATE TABLE IF NOT EXISTS `memberfund` (
  `fundno` int(4) NOT NULL DEFAULT '0',
  `pname` varchar(10) COLLATE utf8_unicode_ci DEFAULT NULL,
  `mname` varchar(50) COLLATE utf8_unicode_ci DEFAULT NULL,
  `lname` varchar(50) COLLATE utf8_unicode_ci DEFAULT NULL,
  `idcard` varchar(17) COLLATE utf8_unicode_ci DEFAULT NULL,
  `address` varchar(50) COLLATE utf8_unicode_ci DEFAULT NULL,
  `birthday` varchar(20) COLLATE utf8_unicode_ci DEFAULT NULL,
  `fundtypeid` int(1) DEFAULT NULL,
  `fundstatusid` int(1) DEFAULT NULL,
  `createdate` datetime DEFAULT NULL,
  `lastupdate` datetime DEFAULT NULL
) ENGINE=InnoDB DEFAULT CHARSET=utf8 COLLATE=utf8_unicode_ci;

--
-- Dumping data for table `memberfund`
--

INSERT INTO `memberfund` (`fundno`, `pname`, `mname`, `lname`, `idcard`, `address`, `birthday`, `fundtypeid`, `fundstatusid`, `createdate`, `lastupdate`) VALUES
(0, 'banrai', 'comnuity', 'bank', '', '', '', 1, 1, '2015-06-25 13:09:43', '2015-06-25 13:09:43'),
(1, 'นาย', 'นฤเทพ', 'พรหมเทศน์', '1-5099-00124-', '326', '30-12-1997', 1, 1, '2015-06-25 13:09:43', '2015-06-30 11:37:25'),
(2, 'นางสาว', 'อุษณี', 'อินทร์ขำ', '3520500054941', '64/1', '02-06-1997', 1, 1, '2015-06-25 13:10:58', '2015-06-30 11:36:50'),
(3, 'นาง', 'ดารุนี', 'สุระศิลย์', '3510511145245', '306', '03-06-2015', 2, 3, '2015-06-25 13:37:02', '2015-07-03 16:47:31'),
(4, 'ด.ช.', 'นพเก้า', 'เกลียวตัน', '3514525000154', '215', '26-06-2010', 1, 1, '2015-06-25 14:59:11', '2015-06-30 11:39:00'),
(5, 'นางสาว', 'ลีลา', 'ศรีวิชัย', '3510548555488', '36', '10-06-1984', 1, 1, '2015-06-25 16:47:50', '2015-06-30 11:39:40'),
(6, 'นาย', 'นิพน', 'สุระศิลย์', '', '306', '11-06-2015', 2, 3, '2015-06-25 16:49:15', '2015-07-02 18:20:28'),
(7, 'นาย', 'ชาญชัย', 'บุญยวง', '', '24', '01-08-2013', 1, 1, '2015-06-25 16:50:28', '2015-06-25 16:50:28'),
(8, 'นาง', 'อุบล', 'บุญยวง', '1-1111-11111-', '24', '23-10-2014', 1, 1, '2015-06-25 16:51:13', '2015-06-25 16:51:13'),
(9, 'นาง', 'บัวเขียว', 'ออนจินดา', '1-1111-11111-', '114', '15-04-2015', 2, 1, '2015-06-25 16:52:00', '2015-06-30 11:51:04'),
(10, 'ด.ญ.', 'จิตราพร', 'ละม่อม', '3515025548523', '48/2', '14-04-2011', 1, 1, '2015-06-25 16:53:08', '2015-06-30 11:41:42'),
(11, 'นาง', 'เกศสุดา', 'พุกเจริญ', '2-5488-52554-', '48/2', '18-12-2014', 1, 1, '2015-06-25 16:55:37', '2015-06-30 11:42:16'),
(12, 'นาง', 'แก้วลูน', 'กันทะอุโมงค์', '3520555845846', '155/1', '19-06-2015', 1, 1, '2015-06-26 10:34:15', '2015-06-30 11:51:44'),
(13, 'นาย', 'เกียรติพงษ์', 'สัมมาวิจิตร', '3510505455054', '43/1', '18-06-1987', 1, 1, '2015-06-27 18:16:37', '2015-06-30 11:43:44'),
(14, 'ร.ต.ท.', 'ถาวร', 'ศรีวิชัย', '3510500056548', '48', '16-06-1976', 1, 1, '2015-06-29 17:15:19', '2015-06-30 11:44:59'),
(15, 'นาย', 'เสน่ห์', 'ศรีวิชัย', '3510525548746', '151', '14-11-1975', 1, 1, '2015-06-28 12:07:26', '2015-06-30 11:47:12'),
(16, 'ด.ญ.', 'นิรันตรี', 'ศรีวิชัย', '3501054588475', '151', '16-02-2009', 2, 1, '2015-06-28 17:27:38', '2015-06-30 11:51:10'),
(17, 'นาย', 'ประถม', 'สังข์แดง', '3510500056487', '116/2', '17-06-1972', 1, 1, '2015-06-28 17:29:13', '2015-06-30 11:49:37'),
(18, 'นางสาว', 'สุธีกานต์', 'ติขะธรรม', '1-5099-00124-60-3', '138', '02-06-1984', 1, 1, '2015-06-28 21:48:54', '2015-06-30 11:50:26'),
(19, 'นาง', 'ศิริวรรณ', 'ยอดเมธา', '3514588795222', '153', '10-02-1988', 1, 1, '2015-06-30 11:34:32', '2015-06-30 11:35:11'),
(20, 'ด.ช.', 'นิรุต', 'ยอดอุโมงค์', '3501458522215', '155/2', '09-06-2012', 2, 1, '2015-06-30 11:35:39', '2015-06-30 11:35:39'),
(21, 'นาง', 'กรุณา', 'ยินดี', '2584456844520', '368', '22-04-1975', 1, 1, '2015-06-30 23:28:07', '2015-06-30 23:28:07'),
(22, 'นาง', 'นานา', 'บุญมี', '3510566654874', '23/2', '17-06-1952', 2, 1, '2015-07-02 18:34:04', '2015-07-02 18:34:04'),
(23, 'นาง', 'สุดาพร', 'ปันดวง', '3550500054961', '28/1', '20-05-1975', 1, 3, '2015-07-03 16:12:05', '2015-07-06 23:10:41');

-- --------------------------------------------------------

--
-- Table structure for table `memberloan`
--

CREATE TABLE IF NOT EXISTS `memberloan` (
  `loanno` varchar(6) COLLATE utf8_unicode_ci NOT NULL DEFAULT '0',
  `fundno` int(4) DEFAULT NULL,
  `workerid` int(4) DEFAULT NULL,
  `createdate` datetime DEFAULT NULL,
  `typeloan` int(1) DEFAULT NULL,
  `principle` int(10) DEFAULT NULL,
  `interestloan` float DEFAULT NULL,
  `timeloan` int(3) DEFAULT NULL,
  `statusloan` varchar(2) COLLATE utf8_unicode_ci DEFAULT NULL,
  `lastupdate` datetime DEFAULT NULL,
  `guatantee1` int(4) DEFAULT NULL,
  `guatantee2` int(4) DEFAULT NULL,
  `collateral` varchar(50) COLLATE utf8_unicode_ci DEFAULT NULL,
  `bookbank` varchar(10) COLLATE utf8_unicode_ci DEFAULT NULL
) ENGINE=InnoDB DEFAULT CHARSET=utf8 COLLATE=utf8_unicode_ci;

--
-- Dumping data for table `memberloan`
--

INSERT INTO `memberloan` (`loanno`, `fundno`, `workerid`, `createdate`, `typeloan`, `principle`, `interestloan`, `timeloan`, `statusloan`, `lastupdate`, `guatantee1`, `guatantee2`, `collateral`, `bookbank`) VALUES
('1/58', 5, 3, '2015-06-27 18:53:45', 1, 10000, 1, 20, 'ac', '2015-06-27 18:53:45', 3, 6, '0', '0'),
('10/58', 12, 2, '2015-06-28 16:25:07', 3, 1000, 1, 2, 'op', '2015-06-28 16:25:07', 0, 0, '0', '111'),
('11/58', 3, 4, '2015-06-29 17:04:55', 1, 10000, 1, 10, 'ac', '2015-06-29 17:04:55', 7, 8, '0', '0'),
('12/58', 4, 4, '2015-06-29 21:39:25', 1, 5000, 0.5, 2, 'op', '2015-06-29 21:39:25', 6, 7, '0', '0'),
('13/58', 15, 0, '2015-06-30 12:20:05', 3, 10000, 1, 20, 'op', '2015-06-30 12:20:05', 0, 0, '0', 'ddddddd'),
('14/58', 5, 1, '2015-06-30 19:39:34', 1, 30000, 0.5, 10, 'op', '2015-06-30 19:39:34', 9, 4, '0', '0'),
('15/58', 3, 0, '2015-06-30 22:47:20', 1, 10000, 0.5, 10, 'op', '2015-06-30 22:47:20', 17, 15, '0', '0'),
('16/58', 18, 0, '2015-06-30 22:48:50', 3, 5000, 1, 10, 'op', '2015-06-30 22:48:50', 0, 0, '0', '12595875'),
('17/58', 21, 1, '2015-06-30 23:34:10', 1, 1000, 1, 5, 'op', '2015-06-30 23:34:10', 7, 5, '0', '0'),
('18/58', 8, 1, '2015-07-02 11:14:28', 1, 10000, 1, 10, 'op', '2015-07-02 11:14:28', 17, 5, '0', '0'),
('19/58', 22, 1, '2015-07-02 18:39:05', 1, 10000, 1, 10, 'op', '2015-07-02 18:39:05', 9, 11, '0', '0'),
('2/58', 5, 3, '2015-06-27 18:54:31', 1, 10000, 1, 10, 'ac', '2015-06-27 18:54:31', 7, 8, '0', '0'),
('20/58', 5, 1, '2015-07-03 09:28:24', 1, 10000, 0.5, 10, 'op', '2015-07-03 09:28:24', 5, 1, '0', '0'),
('21/58', 5, 1, '2015-07-03 09:32:46', 1, 10000, 0.5, 10, 'op', '2015-07-03 09:32:46', 7, 8, '0', '0'),
('22/58', 5, 1, '2015-07-03 09:33:18', 1, 10000, 0.5, 10, 'op', '2015-07-03 09:33:18', 3, 4, '0', '0'),
('23/58', 23, 1, '2015-07-03 16:16:34', 1, 10000, 1, 10, 'op', '2015-07-03 16:16:34', 5, 8, '0', '0'),
('24/58', 1, 1, '2015-07-03 16:19:42', 1, 10000, 0.5, 10, 'op', '2015-07-03 16:19:42', 3, 5, '0', '0'),
('25/58', 23, 1, '2015-07-04 16:18:22', 1, 10000, 1, 10, 'op', '2015-07-04 16:18:22', 1, 9, '0', '0'),
('26/58', 5, 1, '2015-07-08 17:45:25', 1, 10000, 0.5, 10, 'op', '2015-07-08 17:45:25', 0, 0, '0', '0'),
('3/58', 1, 3, '2015-06-27 18:55:07', 2, 2000, 1, 10, 'ac', '2015-06-27 18:55:07', 0, 0, 'wwwww', '0'),
('4/58', 7, 3, '2015-06-27 18:55:32', 3, 10000, 1, 10, 'ac', '2015-06-27 18:55:32', 0, 0, '0', 'yyyyyyyyyy'),
('5/58', 1, 3, '2015-06-28 00:29:15', 2, 10000, 0.5, 10, 'ac', '2015-06-28 00:29:15', 0, 0, 'ddddd', '0'),
('6/58', 5, 3, '2015-06-28 06:26:28', 3, 10000, 1, 10, 'ac', '2015-06-28 06:26:28', 0, 0, '0', 'ffffff'),
('7/58', 5, 3, '2015-06-28 08:17:31', 3, 2000, 1, 2, 'ac', '2015-06-28 08:17:31', 0, 0, '0', 'ddd'),
('8/58', 3, 3, '2015-06-28 10:42:41', 1, 1000, 1, 2, 'ac', '2015-06-28 10:42:41', 3, 4, '0', '0'),
('9/58', 5, 3, '2015-06-28 10:45:29', 1, 10000, 0.5, 5, 'op', '2015-06-28 10:45:29', 1, 2, '0', '0');

-- --------------------------------------------------------

--
-- Table structure for table `worker`
--

CREATE TABLE IF NOT EXISTS `worker` (
  `workno` char(4) COLLATE utf8_unicode_ci NOT NULL DEFAULT '0',
  `fundno` char(4) COLLATE utf8_unicode_ci DEFAULT NULL,
  `user` varchar(20) COLLATE utf8_unicode_ci DEFAULT NULL,
  `password` varchar(6) COLLATE utf8_unicode_ci DEFAULT NULL,
  `workroleid` varchar(1) COLLATE utf8_unicode_ci DEFAULT NULL,
  `workstatusid` int(1) DEFAULT NULL,
  `createdate` datetime DEFAULT NULL,
  `lastupdate` datetime DEFAULT NULL,
  `username` varchar(125) COLLATE utf8_unicode_ci NOT NULL
) ENGINE=InnoDB DEFAULT CHARSET=utf8 COLLATE=utf8_unicode_ci;

--
-- Dumping data for table `worker`
--

INSERT INTO `worker` (`workno`, `fundno`, `user`, `password`, `workroleid`, `workstatusid`, `createdate`, `lastupdate`, `username`) VALUES
('0', '0', 'admin', 'admin1', 'a', 1, '2015-06-30 09:40:02', '2015-06-30 09:40:02', 'admin'),
('1', '1', 'it01', 'it01', 'i', 1, '2015-06-30 09:50:02', '2015-06-30 10:12:30', ''),
('2', '2', 'fund1', 'fund1', 'f', 1, '2015-06-30 10:00:25', '2015-06-30 10:00:25', ''),
('3', '3', 'fund2', 'fund2', 'f', 1, '2015-06-30 10:00:51', '2015-06-30 10:00:51', ''),
('4', '4', 'fund3', 'fund3', 'f', 1, '2015-06-30 10:01:14', '2015-06-30 10:01:14', ''),
('80', '9990', 'bank0', 'bank0', 'b', 1, '2015-07-08 20:33:35', '2015-07-08 20:33:35', 'admin_bank'),
('81', '9991', 'bank1', 'bank1', 'b', 1, '2017-11-05 15:00:00', '2017-11-05 15:00:00', 'ผ่องพันธ์'),
('82', '9992', 'bank2', 'bank2', 'b', 1, '2015-06-30 10:02:19', '2015-06-30 10:02:19', 'สุพัตรา'),
('88', '9988', 'bank88', 'bank88', 'l', 1, '2015-06-30 10:01:33', '2015-06-30 10:01:33', 'system'),
('b', 'bbb', 'bb', 'bb', 'b', 1, '2015-06-30 10:01:52', '2015-06-30 10:01:52', 'system');

-- --------------------------------------------------------

--
-- Table structure for table `workrole_result`
--

CREATE TABLE IF NOT EXISTS `workrole_result` (
  `workroleid` varchar(1) COLLATE utf8_unicode_ci DEFAULT NULL,
  `rolename` varchar(20) COLLATE utf8_unicode_ci DEFAULT NULL
) ENGINE=InnoDB DEFAULT CHARSET=utf8 COLLATE=utf8_unicode_ci;

--
-- Dumping data for table `workrole_result`
--

INSERT INTO `workrole_result` (`workroleid`, `rolename`) VALUES
('a', 'admin'),
('f', 'เจ้าหน้าที่สัจจะ'),
('l', 'เจ้าหน้าที่เงินกู้'),
('b', 'เจ้าหน้าที่ธนาคาร'),
('i', 'เจ้าหน้าที่ IT'),
('o', 'ส่วนสำนักงาน');

-- --------------------------------------------------------

--
-- Table structure for table `workstatus_result`
--

CREATE TABLE IF NOT EXISTS `workstatus_result` (
  `workstatusid` int(1) DEFAULT NULL,
  `workstatusname` varchar(20) COLLATE utf8_unicode_ci DEFAULT NULL
) ENGINE=InnoDB DEFAULT CHARSET=utf8 COLLATE=utf8_unicode_ci;

--
-- Dumping data for table `workstatus_result`
--

INSERT INTO `workstatus_result` (`workstatusid`, `workstatusname`) VALUES
(1, 'ทำงาน'),
(2, 'ลาออก'),
(3, 'พ้นสภาพ'),
(4, 'เสียชีวิต'),
(5, 'หมดวาระ');

--
-- Indexes for dumped tables
--

--
-- Indexes for table `banktype_result`
--
ALTER TABLE `banktype_result`
 ADD PRIMARY KEY (`banktypeid`);

--
-- Indexes for table `eventbank`
--
ALTER TABLE `eventbank`
 ADD PRIMARY KEY (`num`);

--
-- Indexes for table `eventbankaddlist`
--
ALTER TABLE `eventbankaddlist`
 ADD PRIMARY KEY (`num`);

--
-- Indexes for table `eventfund`
--
ALTER TABLE `eventfund`
 ADD PRIMARY KEY (`num`);

--
-- Indexes for table `eventloan`
--
ALTER TABLE `eventloan`
 ADD PRIMARY KEY (`num`);

--
-- Indexes for table `memberfund`
--
ALTER TABLE `memberfund`
 ADD PRIMARY KEY (`fundno`);

--
-- Indexes for table `memberloan`
--
ALTER TABLE `memberloan`
 ADD PRIMARY KEY (`loanno`);

--
-- Indexes for table `worker`
--
ALTER TABLE `worker`
 ADD PRIMARY KEY (`workno`);

--
-- AUTO_INCREMENT for dumped tables
--

--
-- AUTO_INCREMENT for table `eventbankaddlist`
--
ALTER TABLE `eventbankaddlist`
MODIFY `num` int(5) NOT NULL AUTO_INCREMENT,AUTO_INCREMENT=94;
/*!40101 SET CHARACTER_SET_CLIENT=@OLD_CHARACTER_SET_CLIENT */;
/*!40101 SET CHARACTER_SET_RESULTS=@OLD_CHARACTER_SET_RESULTS */;
/*!40101 SET COLLATION_CONNECTION=@OLD_COLLATION_CONNECTION */;
